Employee ID,Age,Gender,Department,Salary,Joining Date,Job Role,Experience,Performance Score,YearsOfService
EMP0001,31,Female,Data Analytics,1645000,2013-09-19,Data Analyst,13,7.3,13 years and 0 months
EMP0002,22,Male,Customer Support,360000,2026-09-27,Customer Success Executive,0,6.0,0 years and 0 months
EMP0003,32,Male,Sales,1245000,2017-03-26,Sales Manager,9,7.1,9 years and 6 months
EMP0004,34,Male,Marketing,1380000,2015-04-19,Marketing Manager,11,7.6,11 years and 5 months
EMP0005,33,Male,Engineering,1665000,2013-09-25,Senior Software Engineer,13,7.8,13 years and 0 months
EMP0006,36,Male,Engineering,1155000,2022-06-15,Senior Software Engineer,4,7.7,4 years and 3 months
EMP0007,35,Male,Engineering,1520000,2016-05-19,Senior Software Engineer,10,5.3,10 years and 4 months
EMP0008,33,Male,Infromation Technology,1305000,2015-05-03,System Administrator,11,8.8,11 years and 5 months
EMP0009,30,Male,Marketing,1330000,2014-03-09,Marketing Manager,12,8.6,12 years and 6 months
EMP0010,21,Male,Sales,545000,2026-01-02,Business Development Executive,0,7.0,0 years and 9 months
EMP0011,33,Male,Engineering,820000,2024-05-11,Frontend Developer,2,7.7,2 years and 4 months
EMP0012,31,Male,Customer Support,1235000,2016-06-26,Support Manager,10,6.8,10 years and 3 months
EMP0013,32,Male,Infromation Technology,1045000,2019-11-29,IT Support Engineer,6,8.1,6 years and 10 months
EMP0014,22,Male,Data Science,835000,2026-07-24,Data Scientist,0,6.0,0 years and 2 months
EMP0015,24,Female,Data Science,465000,2026-01-27,Data Science Intern,0,8.9,0 years and 8 months
EMP0016,36,Male,Data Science,1655000,2014-01-16,AI Engineer,12,8.0,12 years and 8 months
EMP0017,30,Male,Data Analytics,895000,2020-12-30,BI Analyst,5,8.1,5 years and 9 months
EMP0018,34,Male,Finance,935000,2024-07-14,Finance Manager,2,7.0,2 years and 2 months
EMP0019,30,Female,HR,1395000,2015-05-11,HR Manager,11,5.2,11 years and 4 months
EMP0020,30,Male,Data Analytics,1370000,2014-06-15,Business Analyst,12,8.3,12 years and 3 months
EMP0021,36,Male,Marketing,1525000,2010-01-20,Marketing Manager,16,5.2,16 years and 8 months
EMP0022,27,Male,Engineering,830000,2026-06-30,Senior Software Engineer,0,8.3,0 years and 3 months
EMP0023,31,Male,Data Analytics,1105000,2019-09-20,Business Analyst,7,6.1,7 years and 0 months
EMP0024,27,Male,Data Analytics,745000,2022-01-15,BI Analyst,4,5.0,4 years and 8 months
EMP0025,27,Male,HR,1055000,2020-06-15,HR Manager,6,7.1,6 years and 3 months
EMP0026,28,Female,Operations,1150000,2017-11-07,Operations Manager,8,8.7,8 years and 10 months
EMP0027,31,Male,Data Science,1170000,2021-03-27,Data Scientist,5,5.8,5 years and 6 months
EMP0028,27,Female,Finance,910000,2022-06-29,Accountant,4,9.3,4 years and 3 months
EMP0029,38,Lesbian,Marketing,1645000,2009-06-22,Marketing Manager,17,8.0,17 years and 3 months
EMP0030,25,Male,Engineering,1220000,2019-09-25,Senior Software Engineer,7,7.3,7 years and 0 months
EMP0031,29,Male,Marketing,1300000,2017-07-28,Marketing Manager,9,6.5,9 years and 2 months
EMP0032,27,Male,Engineering,1270000,2019-03-26,Senior Software Engineer,7,6.6,7 years and 6 months
EMP0033,39,Male,Engineering,2010000,2010-01-22,Senior Software Engineer,16,7.7,16 years and 8 months
EMP0034,31,Male,Customer Support,1610000,2013-09-25,Support Manager,13,8.2,13 years and 0 months
EMP0035,36,Female,Customer Support,1760000,2011-06-10,Support Manager,15,6.3,15 years and 3 months
EMP0036,21,Female,Operations,680000,2026-01-07,Operations Manager,0,6.0,0 years and 8 months
EMP0037,32,Male,Data Analytics,1285000,2012-06-27,BI Analyst,14,6.8,14 years and 3 months
EMP0038,35,Male,Engineering,1730000,2010-12-11,Senior Software Engineer,15,9.0,15 years and 9 months
EMP0039,30,Female,Sales,935000,2021-04-21,Sales Manager,5,5.5,5 years and 5 months
EMP0040,36,Female,HR,1340000,2015-05-16,HR Manager,11,8.6,11 years and 4 months
EMP0041,27,Female,Engineering,975000,2021-01-07,Frontend Developer,5,7.2,5 years and 8 months
EMP0042,38,Male,Finance,1660000,2009-08-29,Finance Manager,17,4.9,17 years and 1 months
EMP0043,44,Female,Engineering,1980000,2004-07-24,Senior Software Engineer,22,6.5,22 years and 2 months
EMP0044,28,Male,Infromation Technology,1010000,2020-07-21,System Administrator,6,7.9,6 years and 2 months
EMP0045,27,Male,Data Science,1430000,2016-11-29,AI Engineer,9,9.5,9 years and 10 months
EMP0046,39,Male,Sales,1715000,2006-03-21,Sales Manager,20,5.3,20 years and 6 months
EMP0047,39,Male,Data Analytics,1690000,2009-05-28,Data Analyst,17,3.3,17 years and 4 months
EMP0048,27,Female,Finance,1245000,2018-01-30,Finance Manager,8,5.3,8 years and 8 months
EMP0049,27,Male,Finance,870000,2025-11-23,Finance Manager,0,8.6,0 years and 10 months
EMP0050,28,Male,Data Science,1215000,2019-08-04,AI Engineer,7,4.7,7 years and 1 months
EMP0051,22,Male,Customer Support,585000,2021-12-27,Customer Success Executive,4,9.1,4 years and 9 months
EMP0052,24,Male,Operations,395000,2026-06-20,Operations Analyst,0,8.7,0 years and 3 months
EMP0053,24,Male,Customer Support,480000,2025-12-09,Support Manager,0,7.4,0 years and 9 months
EMP0054,25,Male,Infromation Technology,540000,2025-11-15,IT Support Engineer,0,6.3,0 years and 10 months
EMP0055,30,Female,Marketing,825000,2022-10-26,Marketing Manager,3,7.2,3 years and 11 months
EMP0056,31,Male,Customer Support,960000,2021-05-04,Support Manager,5,7.9,5 years and 4 months
EMP0057,39,Male,Engineering,1790000,2011-05-01,Senior Software Engineer,15,7.7,15 years and 5 months
EMP0058,24,Male,Data Science,825000,2026-03-09,AI Engineer,0,9.4,0 years and 6 months
EMP0059,36,Female,Engineering,1430000,2013-04-08,Senior Software Engineer,13,6.7,13 years and 5 months
EMP0060,29,Female,Data Analytics,1330000,2016-03-20,BI Analyst,10,5.3,10 years and 6 months
EMP0061,30,Female,HR,810000,2023-02-21,Recruiter,3,5.1,3 years and 7 months
EMP0062,34,Male,Data Science,2105000,2010-07-08,AI Engineer,16,4.8,16 years and 2 months
EMP0063,23,Male,Infromation Technology,830000,2023-12-19,IT Support Engineer,2,7.4,2 years and 9 months
EMP0064,32,Male,Data Analytics,1235000,2013-01-01,BI Analyst,13,6.8,13 years and 9 months
EMP0065,31,Female,Data Analytics,1055000,2021-02-08,Data Analyst,5,7.1,5 years and 7 months
EMP0066,33,Female,Finance,1655000,2013-04-04,Finance Manager,13,6.4,13 years and 5 months
EMP0067,32,Male,Engineering,860000,2021-03-07,Frontend Developer,5,5.6,5 years and 6 months
EMP0068,45,Female,Operations,2500000,2000-05-30,Operations Manager,26,7.9,26 years and 4 months
EMP0069,26,Female,Engineering,1010000,2022-05-02,Senior Software Engineer,4,3.8,4 years and 5 months
EMP0070,27,Male,Customer Support,760000,2020-09-19,Support Executive,6,6.0,6 years and 0 months
EMP0071,26,Female,Operations,620000,2026-06-01,Process Executive,0,8.2,0 years and 4 months
EMP0072,27,Male,Data Science,725000,2025-10-07,Data Scientist,0,5.9,0 years and 11 months
EMP0073,26,Male,Engineering,865000,2021-02-24,Backend Developer,5,7.6,5 years and 7 months
EMP0074,37,Male,Operations,1175000,2016-06-19,Operations Manager,10,6.0,10 years and 3 months
EMP0075,39,Male,Sales,1985000,2008-07-27,Sales Manager,18,6.5,18 years and 2 months
EMP0076,27,Male,Sales,295000,2026-03-20,Business Development Executive,0,7.9,0 years and 6 months
EMP0077,25,Male,Operations,1020000,2021-03-30,Operations Manager,5,5.4,5 years and 6 months
EMP0078,33,Male,Engineering,950000,2021-06-25,Frontend Developer,5,8.1,5 years and 3 months
EMP0079,27,Male,Data Analytics,1075000,2020-07-12,Business Analyst,6,7.2,6 years and 2 months
EMP0080,34,Male,Engineering,1925000,2012-07-21,Senior Software Engineer,14,8.8,14 years and 2 months
EMP0081,31,Male,Infromation Technology,800000,2020-10-27,DevOps Engineer,5,7.4,5 years and 11 months
EMP0082,21,Male,Marketing,600000,2026-03-23,Digital Marketing Executive,0,5.7,0 years and 6 months
EMP0083,39,Male,Data Analytics,1790000,2008-11-14,Data Analyst,17,9.4,17 years and 10 months
EMP0084,41,Female,Engineering,1725000,2010-03-05,Senior Software Engineer,16,5.8,16 years and 6 months
EMP0085,26,Female,Data Analytics,530000,2025-11-20,Business Analyst,0,6.8,0 years and 10 months
EMP0086,28,Female,Data Analytics,625000,2025-11-17,Business Analyst,0,8.4,0 years and 10 months
EMP0087,32,Female,Sales,1405000,2016-05-12,Sales Manager,10,4.6,10 years and 4 months
EMP0088,32,Male,Sales,650000,2023-02-28,Sales Executive,3,9.0,3 years and 7 months
EMP0089,34,Female,Infromation Technology,1440000,2014-10-08,IT Support Engineer,11,5.5,11 years and 11 months
EMP0090,42,Male,Finance,1655000,2007-11-16,Finance Manager,18,6.5,18 years and 10 months
EMP0091,29,Male,Engineering,1390000,2017-09-18,Senior Software Engineer,9,7.5,9 years and 0 months
EMP0092,25,Female,Sales,530000,2025-02-26,Business Development Executive,1,7.0,1 years and 7 months
EMP0093,22,Male,Operations,445000,2026-08-27,Operations Analyst,0,8.2,0 years and 1 months
EMP0094,26,Female,Marketing,985000,2020-04-02,Marketing Manager,6,4.9,6 years and 6 months
EMP0095,30,Female,Operations,1170000,2018-01-06,Operations Manager,8,8.1,8 years and 8 months
EMP0096,41,Female,Finance,2015000,2006-10-13,Finance Manager,19,8.2,19 years and 11 months
EMP0097,27,Female,Finance,805000,2020-06-24,Financial Analyst,6,8.5,6 years and 3 months
EMP0098,31,Male,HR,505000,2024-09-24,Recruiter,2,5.0,2 years and 0 months
EMP0099,30,Male,Engineering,1240000,2016-09-03,Senior Software Engineer,10,5.1,10 years and 1 months
EMP0100,37,Male,Engineering,1595000,2009-12-04,Senior Software Engineer,16,6.6,16 years and 9 months
EMP0101,45,Male,Engineering,1700000,2008-05-14,Senior Software Engineer,18,5.3,18 years and 4 months
EMP0102,27,Male,Sales,660000,2023-06-13,Business Development Executive,3,4.7,3 years and 3 months
EMP0103,27,Female,Data Analytics,800000,2022-02-12,Business Analyst,4,6.6,4 years and 7 months
EMP0104,36,Female,Finance,1640000,2014-04-08,Finance Manager,12,7.4,12 years and 5 months
EMP0105,34,Male,Infromation Technology,1130000,2014-07-24,DevOps Engineer,12,10.0,12 years and 2 months
EMP0106,41,Male,Data Science,2320000,2003-03-11,ML Engineer,23,7.8,23 years and 6 months
EMP0107,34,Male,HR,1795000,2011-02-27,HR Manager,15,9.5,15 years and 7 months
EMP0108,28,Male,Operations,480000,2026-07-13,Operations Analyst,0,7.0,0 years and 2 months
EMP0109,34,Female,Data Science,265000,2013-07-13,Data Science Intern,13,7.9,13 years and 2 months
EMP0110,37,Male,Engineering,2270000,2007-08-25,Senior Software Engineer,19,6.9,19 years and 1 months
EMP0111,35,Male,Data Analytics,1655000,2012-01-05,BI Analyst,14,10.0,14 years and 8 months
EMP0112,33,Male,Engineering,1670000,2012-03-27,Senior Software Engineer,14,6.2,14 years and 6 months
EMP0113,36,Female,Customer Support,1545000,2008-04-15,Support Manager,18,6.4,18 years and 5 months
EMP0114,37,Female,Operations,1855000,2008-09-28,Operations Manager,18,8.2,18 years and 0 months
EMP0115,38,Male,Sales,1340000,2010-05-03,Sales Manager,16,7.4,16 years and 5 months
EMP0116,34,Male,Infromation Technology,1645000,2011-09-25,DevOps Engineer,15,6.5,15 years and 0 months
EMP0117,29,Male,Operations,1115000,2019-08-30,Operations Manager,7,8.4,7 years and 1 months
EMP0118,31,Male,Data Science,315000,2018-08-28,Data Science Intern,8,7.0,8 years and 1 months
EMP0119,37,Female,Infromation Technology,1325000,2013-09-28,System Administrator,13,7.0,13 years and 0 months
EMP0120,25,Male,Finance,1165000,2019-03-02,Finance Manager,7,7.4,7 years and 7 months
EMP0121,32,Male,Operations,855000,2020-05-21,Operations Analyst,6,4.8,6 years and 4 months
EMP0122,28,Male,Infromation Technology,1220000,2015-12-23,DevOps Engineer,10,4.9,10 years and 9 months
EMP0123,30,Lesbian,Data Analytics,1110000,2017-05-30,Data Analyst,9,8.6,9 years and 4 months
EMP0124,38,Male,Engineering,1450000,2016-10-31,Senior Software Engineer,9,6.2,9 years and 11 months
EMP0125,31,Female,Data Science,1325000,2017-04-12,ML Engineer,9,6.9,9 years and 5 months
EMP0126,30,Male,HR,530000,2026-05-02,HR Executive,0,9.3,0 years and 5 months
EMP0127,22,Male,Operations,605000,2023-11-05,Operations Analyst,2,7.0,2 years and 10 months
EMP0128,34,Male,Infromation Technology,1540000,2011-09-09,DevOps Engineer,15,6.8,15 years and 0 months
EMP0129,34,Male,Engineering,1425000,2017-06-10,Senior Software Engineer,9,8.3,9 years and 3 months
EMP0130,43,Female,Finance,1805000,2005-12-26,Finance Manager,20,6.3,20 years and 9 months
EMP0131,28,Male,HR,1015000,2016-07-20,HR Manager,10,8.7,10 years and 2 months
EMP0132,31,Male,Data Science,885000,2020-04-19,ML Engineer,6,8.3,6 years and 5 months
EMP0133,31,Male,Engineering,1065000,2022-03-27,Software Engineer,4,9.6,4 years and 6 months
EMP0134,39,Male,Data Analytics,1560000,2005-07-20,Business Analyst,21,6.2,21 years and 2 months
EMP0135,29,Male,Customer Support,1160000,2015-07-06,Support Manager,11,8.9,11 years and 2 months
EMP0136,32,Male,Data Analytics,1210000,2017-04-10,Business Analyst,9,7.8,9 years and 5 months
EMP0137,34,Female,Finance,1750000,2011-09-14,Finance Manager,15,5.3,15 years and 0 months
EMP0138,31,Male,Sales,1545000,2013-08-11,Sales Manager,13,3.6,13 years and 1 months
EMP0139,27,Male,Data Analytics,705000,2025-03-31,Business Analyst,1,6.0,1 years and 6 months
EMP0140,31,Female,Customer Support,1110000,2019-10-09,Support Manager,6,7.5,6 years and 11 months
EMP0141,36,Male,Customer Support,1840000,2008-02-26,Support Manager,18,7.7,18 years and 7 months
EMP0142,24,Female,Data Science,1100000,2019-11-22,Data Scientist,6,7.0,6 years and 10 months
EMP0143,31,Male,Finance,1415000,2015-11-10,Finance Manager,10,7.0,10 years and 10 months
EMP0144,26,Female,Data Analytics,590000,2026-04-05,BI Analyst,0,6.9,0 years and 5 months
EMP0145,37,Male,Data Analytics,1915000,2007-01-03,Data Analyst,19,8.5,19 years and 9 months
EMP0146,21,Female,Engineering,645000,2026-06-11,Frontend Developer,0,5.2,0 years and 3 months
EMP0147,27,Lesbian,Marketing,780000,2023-02-20,Marketing Analyst,3,7.5,3 years and 7 months
EMP0148,32,Male,Finance,1195000,2016-03-03,Finance Manager,10,6.0,10 years and 7 months
EMP0149,39,Female,Engineering,2230000,2005-08-08,Senior Software Engineer,21,5.9,21 years and 1 months
EMP0150,30,Male,Data Science,340000,2015-11-11,Data Science Intern,10,8.7,10 years and 10 months
EMP0151,27,Male,Infromation Technology,880000,2020-06-15,DevOps Engineer,6,5.8,6 years and 3 months
EMP0152,41,Male,Data Science,1900000,2006-05-02,ML Engineer,20,6.9,20 years and 5 months
EMP0153,21,Male,Engineering,890000,2026-03-24,Senior Software Engineer,0,9.7,0 years and 6 months
EMP0154,21,Male,Finance,680000,2026-03-15,Financial Analyst,0,8.2,0 years and 6 months
EMP0155,33,Male,Customer Support,575000,2025-11-23,Support Manager,0,6.5,0 years and 10 months
EMP0156,27,Male,Data Science,930000,2023-03-20,ML Engineer,3,6.6,3 years and 6 months
EMP0157,24,Female,Sales,800000,2024-08-27,Sales Manager,2,5.4,2 years and 1 months
EMP0158,34,Female,Operations,920000,2020-01-30,Operations Analyst,6,8.9,6 years and 8 months
EMP0159,31,Male,Data Science,1380000,2016-02-09,Data Scientist,10,8.5,10 years and 7 months
EMP0160,27,Male,Sales,760000,2023-06-20,Business Development Executive,3,8.0,3 years and 3 months
EMP0161,22,Male,Data Analytics,795000,2022-09-25,Data Analyst,4,8.2,4 years and 0 months
EMP0162,35,Male,Sales,1785000,2008-12-26,Sales Manager,17,6.1,17 years and 9 months
EMP0163,34,Male,Sales,1280000,2017-10-02,Sales Manager,9,5.0,9 years and 0 months
EMP0164,29,Male,Finance,930000,2021-02-25,Accountant,5,7.9,5 years and 7 months
EMP0165,41,Male,Engineering,2220000,2008-02-18,Senior Software Engineer,18,8.3,18 years and 7 months
EMP0166,24,Female,Infromation Technology,625000,2026-04-12,IT Support Engineer,0,9.3,0 years and 5 months
EMP0167,21,Male,Data Analytics,665000,2026-07-06,Business Analyst,0,6.8,0 years and 2 months
EMP0168,26,Male,Data Science,745000,2026-08-21,ML Engineer,0,6.6,0 years and 1 months
EMP0169,30,Male,Engineering,800000,2024-05-31,Backend Developer,2,6.8,2 years and 4 months
EMP0170,31,Male,Marketing,1425000,2015-11-07,Marketing Manager,10,8.0,10 years and 10 months
EMP0171,29,Male,Sales,1200000,2016-12-09,Sales Manager,9,6.7,9 years and 9 months
EMP0172,32,Female,Engineering,1100000,2020-04-07,Frontend Developer,6,7.0,6 years and 5 months
EMP0173,22,Male,Finance,840000,2023-07-31,Finance Manager,3,8.2,3 years and 2 months
EMP0174,39,Male,Data Science,1465000,2013-04-22,Data Scientist,13,6.3,13 years and 5 months
EMP0175,30,Lesbian,Sales,1155000,2018-03-30,Sales Manager,8,9.0,8 years and 6 months
EMP0176,37,Female,Engineering,1660000,2009-03-10,Senior Software Engineer,17,8.0,17 years and 6 months
EMP0177,32,Female,Sales,1215000,2017-02-18,Sales Manager,9,4.6,9 years and 7 months
EMP0178,33,Male,HR,1480000,2014-08-17,HR Manager,12,6.4,12 years and 1 months
EMP0179,33,Female,Customer Support,995000,2018-02-21,Support Manager,8,4.4,8 years and 7 months
EMP0180,33,Male,Engineering,1435000,2017-09-30,Senior Software Engineer,9,6.8,9 years and 0 months
EMP0181,34,Male,Data Analytics,1195000,2016-04-11,Data Analyst,10,6.4,10 years and 5 months
EMP0182,38,Male,Engineering,1635000,2014-06-27,Senior Software Engineer,12,8.2,12 years and 3 months
EMP0183,31,Male,Customer Support,975000,2019-06-09,Support Manager,7,5.9,7 years and 3 months
EMP0184,34,Male,Infromation Technology,845000,2021-01-05,System Administrator,5,7.6,5 years and 8 months
EMP0185,29,Male,Data Science,1050000,2022-01-22,AI Engineer,4,7.9,4 years and 8 months
EMP0186,39,Female,Sales,1615000,2010-11-22,Sales Manager,15,7.4,15 years and 10 months
EMP0187,26,Female,Operations,520000,2024-06-28,Operations Manager,2,8.6,2 years and 3 months
EMP0188,41,Female,Marketing,1835000,2009-01-05,Marketing Manager,17,9.9,17 years and 8 months
EMP0189,30,Male,Finance,1255000,2019-09-09,Finance Manager,7,7.3,7 years and 0 months
EMP0190,21,Female,Data Science,890000,2026-06-07,Data Scientist,0,7.6,0 years and 3 months
EMP0191,31,Male,Engineering,1400000,2015-05-06,Senior Software Engineer,11,5.9,11 years and 4 months
EMP0192,26,Female,Infromation Technology,565000,2025-10-28,IT Support Engineer,0,5.7,0 years and 11 months
EMP0193,35,Male,Infromation Technology,1170000,2019-08-14,System Administrator,7,8.5,7 years and 1 months
EMP0194,26,Female,Sales,475000,2026-03-09,Sales Executive,0,8.3,0 years and 6 months
EMP0195,27,Male,Data Analytics,760000,2023-11-01,Data Analyst,2,5.7,2 years and 11 months
EMP0196,21,Female,Data Analytics,530000,2026-07-14,Data Analyst,0,5.3,0 years and 2 months
EMP0197,27,Female,Sales,440000,2025-07-23,Sales Executive,1,6.2,1 years and 2 months
EMP0198,21,Male,Infromation Technology,440000,2026-09-04,IT Support Engineer,0,6.9,0 years and 0 months
EMP0199,21,Male,Infromation Technology,495000,2026-01-03,System Administrator,0,6.5,0 years and 9 months
EMP0200,35,Lesbian,Operations,1530000,2013-08-15,Operations Manager,13,7.3,13 years and 1 months
EMP0201,35,Male,Sales,1505000,2011-12-17,Sales Manager,14,8.3,14 years and 9 months
EMP0202,33,Female,Engineering,1360000,2018-01-29,Senior Software Engineer,8,7.7,8 years and 8 months
EMP0203,24,Male,Engineering,800000,2026-01-10,Senior Software Engineer,0,7.8,0 years and 8 months
EMP0204,30,Male,Infromation Technology,635000,2023-07-15,DevOps Engineer,3,3.8,3 years and 2 months
EMP0205,30,Male,Marketing,1095000,2019-03-27,Marketing Manager,7,4.9,7 years and 6 months
EMP0206,23,Male,Engineering,735000,2026-08-15,Frontend Developer,0,6.0,0 years and 1 months
EMP0207,39,Female,Engineering,1670000,2007-10-10,Senior Software Engineer,18,6.2,18 years and 11 months
EMP0208,35,Male,Sales,835000,2020-10-13,Sales Executive,5,8.2,5 years and 11 months
EMP0209,29,Male,Engineering,955000,2020-10-15,Frontend Developer,5,5.9,5 years and 11 months
EMP0210,30,Male,Engineering,1175000,2018-03-28,Senior Software Engineer,8,8.0,8 years and 6 months
EMP0211,31,Male,Finance,1315000,2017-01-20,Finance Manager,9,6.0,9 years and 8 months
EMP0212,21,Female,Sales,890000,2023-02-22,Sales Manager,3,5.5,3 years and 7 months
EMP0213,29,Lesbian,Sales,1050000,2019-02-04,Sales Manager,7,5.5,7 years and 7 months
EMP0214,26,Male,Data Science,715000,2026-01-05,AI Engineer,0,10.0,0 years and 8 months
EMP0215,24,Female,Sales,560000,2025-09-30,Business Development Executive,1,6.0,1 years and 0 months
EMP0216,28,Female,Data Science,740000,2026-08-28,AI Engineer,0,8.0,0 years and 1 months
EMP0217,41,Male,Data Analytics,1450000,2008-07-18,Business Analyst,18,5.0,18 years and 2 months
EMP0218,34,Female,Operations,1365000,2018-02-09,Operations Manager,8,9.0,8 years and 7 months
EMP0219,27,Male,Sales,1085000,2017-11-03,Sales Manager,8,7.6,8 years and 11 months
EMP0220,33,Male,Infromation Technology,1075000,2017-10-19,System Administrator,8,7.5,8 years and 11 months
EMP0221,38,Female,Sales,1600000,2011-06-29,Sales Manager,15,7.7,15 years and 3 months
EMP0222,36,Male,Marketing,1070000,2016-07-13,Marketing Manager,10,7.8,10 years and 2 months
EMP0223,30,Female,Engineering,1365000,2014-03-26,Senior Software Engineer,12,8.2,12 years and 6 months
EMP0224,26,Female,Data Analytics,605000,2024-01-22,Data Analyst,2,6.3,2 years and 8 months
EMP0225,34,Male,Data Science,1690000,2010-08-28,ML Engineer,16,6.2,16 years and 1 months
EMP0226,32,Female,Data Science,315000,2014-09-20,Data Science Intern,12,7.2,12 years and 0 months
EMP0227,35,Male,Customer Support,1660000,2011-10-23,Support Manager,14,8.0,14 years and 11 months
EMP0228,34,Male,HR,1190000,2013-11-28,HR Manager,12,7.0,12 years and 10 months
EMP0229,36,Female,Infromation Technology,1585000,2011-03-10,System Administrator,15,8.1,15 years and 6 months
EMP0230,27,Female,Sales,830000,2025-10-09,Sales Manager,0,7.9,0 years and 11 months
EMP0231,38,Male,Operations,1665000,2012-07-07,Operations Manager,14,6.8,14 years and 2 months
EMP0232,31,Male,Finance,1345000,2015-08-09,Finance Manager,11,4.7,11 years and 1 months
EMP0233,42,Female,Marketing,1690000,2007-07-04,Marketing Manager,19,6.4,19 years and 2 months
EMP0234,26,Female,Finance,530000,2026-06-30,Financial Analyst,0,9.5,0 years and 3 months
EMP0235,40,Female,Data Science,1545000,2008-10-30,AI Engineer,17,7.6,17 years and 11 months
EMP0236,31,Male,Sales,1585000,2013-07-11,Sales Manager,13,6.2,13 years and 2 months
EMP0237,26,Male,Data Analytics,1250000,2018-01-31,Data Analyst,8,7.4,8 years and 8 months
EMP0238,27,Male,Engineering,1005000,2022-09-10,Frontend Developer,4,8.0,4 years and 0 months
EMP0239,28,Female,Sales,1105000,2016-12-16,Sales Manager,9,6.2,9 years and 9 months
EMP0240,33,Male,Engineering,1465000,2017-01-04,Senior Software Engineer,9,8.8,9 years and 8 months
EMP0241,33,Male,Customer Support,710000,2022-11-30,Customer Success Executive,3,7.8,3 years and 10 months
EMP0242,27,Female,Customer Support,410000,2026-06-01,Customer Success Executive,0,5.6,0 years and 4 months
EMP0243,30,Male,Infromation Technology,1095000,2014-05-29,DevOps Engineer,12,8.3,12 years and 4 months
EMP0244,43,Lesbian,Data Analytics,1780000,2007-06-15,Business Analyst,19,6.5,19 years and 3 months
EMP0245,40,Female,Engineering,1895000,2010-01-05,Senior Software Engineer,16,6.9,16 years and 8 months
EMP0246,33,Female,Customer Support,1260000,2016-11-01,Support Manager,9,5.7,9 years and 11 months
EMP0247,30,Male,HR,1600000,2014-05-27,HR Manager,12,8.0,12 years and 4 months
EMP0248,31,Male,Customer Support,1395000,2013-05-25,Support Manager,13,6.9,13 years and 4 months
EMP0249,34,Female,Customer Support,1625000,2010-07-12,Support Manager,16,8.0,16 years and 2 months
EMP0250,24,Female,Infromation Technology,745000,2025-10-16,System Administrator,0,6.4,0 years and 11 months
EMP0251,28,Female,Data Analytics,880000,2020-07-13,Data Analyst,6,6.2,6 years and 2 months
EMP0252,21,Male,HR,525000,2025-11-10,Recruiter,0,6.1,0 years and 10 months
EMP0253,32,Female,Infromation Technology,1275000,2012-07-27,IT Support Engineer,14,7.6,14 years and 2 months
EMP0254,34,Female,Data Analytics,1105000,2020-05-07,BI Analyst,6,6.2,6 years and 4 months
EMP0255,27,Female,Engineering,1010000,2021-09-16,Software Engineer,5,6.8,5 years and 0 months
EMP0256,39,Female,Marketing,1385000,2013-12-01,Marketing Manager,12,6.4,12 years and 10 months
EMP0257,23,Female,Customer Support,730000,2026-06-18,Support Manager,0,7.7,0 years and 3 months
EMP0258,21,Male,Sales,720000,2026-04-19,Sales Manager,0,4.8,0 years and 5 months
EMP0259,31,Male,Marketing,1045000,2020-03-15,Marketing Manager,6,7.4,6 years and 6 months
EMP0260,36,Male,Engineering,1370000,2015-03-21,Senior Software Engineer,11,9.4,11 years and 6 months
EMP0261,40,Male,Marketing,1660000,2011-04-03,Marketing Manager,15,8.8,15 years and 6 months
EMP0262,27,Male,Customer Support,950000,2018-11-15,Support Manager,7,6.3,7 years and 10 months
EMP0263,36,Male,Engineering,1510000,2017-01-11,Senior Software Engineer,9,7.8,9 years and 8 months
EMP0264,30,Male,Finance,1205000,2017-10-05,Finance Manager,8,7.5,8 years and 11 months
EMP0265,29,Male,Infromation Technology,1215000,2015-06-26,IT Support Engineer,11,9.1,11 years and 3 months
EMP0266,35,Male,Operations,1050000,2015-10-27,Operations Manager,10,3.7,10 years and 11 months
EMP0267,34,Female,Sales,990000,2017-11-17,Sales Manager,8,8.6,8 years and 10 months
EMP0268,21,Female,Sales,765000,2026-03-01,Sales Manager,0,6.7,0 years and 7 months
EMP0269,39,Male,Data Analytics,1585000,2005-01-01,Data Analyst,21,6.1,21 years and 9 months
EMP0270,38,Female,Data Analytics,1390000,2010-04-26,Data Analyst,16,6.1,16 years and 5 months
EMP0271,26,Male,Operations,500000,2025-04-27,Operations Analyst,1,5.3,1 years and 5 months
EMP0272,32,Male,Operations,1575000,2015-01-26,Operations Manager,11,6.3,11 years and 8 months
EMP0273,33,Male,Infromation Technology,1130000,2020-06-27,IT Support Engineer,6,5.6,6 years and 3 months
EMP0274,32,Male,Infromation Technology,1230000,2014-09-16,DevOps Engineer,12,7.3,12 years and 0 months
EMP0275,27,Female,Finance,930000,2019-11-10,Accountant,6,7.9,6 years and 10 months
EMP0276,26,Female,Finance,770000,2024-06-26,Financial Analyst,2,6.8,2 years and 3 months
EMP0277,30,Male,Operations,715000,2022-10-01,Operations Analyst,4,9.1,4 years and 0 months
EMP0278,37,Male,Sales,1160000,2016-03-01,Sales Manager,10,6.4,10 years and 7 months
EMP0279,33,Male,Sales,1470000,2014-05-25,Sales Manager,12,6.7,12 years and 4 months
EMP0280,28,Male,Operations,1380000,2016-01-17,Operations Manager,10,6.5,10 years and 8 months
EMP0281,35,Male,Infromation Technology,1115000,2017-05-31,DevOps Engineer,9,7.9,9 years and 4 months
EMP0282,21,Male,Data Analytics,545000,2026-07-11,Data Analyst,0,8.0,0 years and 2 months
EMP0283,37,Female,Data Analytics,855000,2019-12-24,Data Analyst,6,7.8,6 years and 9 months
EMP0284,21,Female,Engineering,640000,2026-04-13,Software Engineer,0,6.9,0 years and 5 months
EMP0285,28,Male,Marketing,900000,2021-08-04,Marketing Manager,5,5.3,5 years and 1 months
EMP0286,23,Female,Engineering,775000,2026-08-30,Senior Software Engineer,0,6.7,0 years and 1 months
EMP0287,22,Male,Finance,645000,2026-04-23,Financial Analyst,0,9.1,0 years and 5 months
EMP0288,37,Male,Finance,1400000,2014-12-24,Finance Manager,11,8.5,11 years and 9 months
EMP0289,27,Male,Data Analytics,900000,2021-06-18,BI Analyst,5,7.5,5 years and 3 months
EMP0290,32,Female,Marketing,1155000,2018-06-20,Marketing Manager,8,6.6,8 years and 3 months
EMP0291,30,Female,Engineering,585000,2026-02-15,Software Engineer,0,7.1,0 years and 7 months
EMP0292,33,Male,Engineering,810000,2024-03-27,Frontend Developer,2,6.6,2 years and 6 months
EMP0293,30,Male,Infromation Technology,820000,2021-07-24,DevOps Engineer,5,8.7,5 years and 2 months
EMP0294,22,Female,Data Analytics,500000,2024-11-17,Data Analyst,1,6.0,1 years and 10 months
EMP0295,36,Male,Engineering,765000,2023-12-16,Backend Developer,2,8.3,2 years and 9 months
EMP0296,27,Female,Finance,730000,2024-07-06,Financial Analyst,2,6.4,2 years and 2 months
EMP0297,21,Male,Operations,640000,2025-10-04,Operations Manager,0,8.9,0 years and 11 months
EMP0298,27,Male,Data Science,1445000,2017-08-08,Data Scientist,9,7.7,9 years and 1 months
EMP0299,39,Male,Marketing,1510000,2012-06-13,Marketing Manager,14,6.1,14 years and 3 months
EMP0300,35,Female,Engineering,1650000,2012-09-21,Senior Software Engineer,14,6.7,14 years and 0 months
EMP0301,28,Male,Engineering,1095000,2020-09-14,Backend Developer,6,8.1,6 years and 0 months
EMP0302,28,Female,Finance,620000,2026-04-02,Financial Analyst,0,6.4,0 years and 6 months
EMP0303,28,Male,Finance,1240000,2018-06-12,Finance Manager,8,7.1,8 years and 3 months
EMP0304,42,Female,Sales,1585000,2006-02-19,Sales Manager,20,6.4,20 years and 7 months
EMP0305,32,Female,Sales,1400000,2015-04-16,Sales Manager,11,9.5,11 years and 5 months
EMP0306,33,Female,Customer Support,1410000,2010-12-14,Support Manager,15,9.7,15 years and 9 months
EMP0307,36,Male,Finance,900000,2021-03-27,Accountant,5,9.1,5 years and 6 months
EMP0308,31,Male,Data Analytics,1365000,2013-07-17,Data Analyst,13,6.9,13 years and 2 months
EMP0309,28,Male,Operations,805000,2022-05-09,Process Executive,4,6.6,4 years and 4 months
EMP0310,29,Female,Data Science,300000,2019-04-04,Data Science Intern,7,6.0,7 years and 5 months
EMP0311,30,Male,HR,1285000,2018-12-21,HR Manager,7,9.2,7 years and 9 months
EMP0312,30,Male,Engineering,720000,2021-01-25,Backend Developer,5,8.4,5 years and 8 months
EMP0313,34,Male,Engineering,1410000,2016-10-14,Senior Software Engineer,9,8.4,9 years and 11 months
EMP0314,30,Male,Customer Support,1220000,2017-11-23,Support Manager,8,6.8,8 years and 10 months
EMP0315,34,Female,Infromation Technology,925000,2021-03-20,IT Support Engineer,5,4.7,5 years and 6 months
EMP0316,30,Male,Sales,1125000,2015-11-15,Sales Manager,10,5.0,10 years and 10 months
EMP0317,30,Female,HR,790000,2021-07-23,Recruiter,5,7.2,5 years and 2 months
EMP0318,21,Male,Engineering,790000,2026-01-26,Software Engineer,0,6.4,0 years and 8 months
EMP0319,35,Male,Engineering,1505000,2016-05-10,Senior Software Engineer,10,6.2,10 years and 4 months
EMP0320,32,Male,Data Science,1725000,2012-06-20,Data Scientist,14,7.6,14 years and 3 months
EMP0321,36,Male,Finance,1630000,2015-01-14,Finance Manager,11,8.5,11 years and 8 months
EMP0322,21,Male,Sales,460000,2025-12-09,Sales Executive,0,6.2,0 years and 9 months
EMP0323,43,Female,Sales,1590000,2009-07-27,Sales Manager,17,5.3,17 years and 2 months
EMP0324,29,Male,Data Science,1325000,2017-03-24,AI Engineer,9,6.2,9 years and 6 months
EMP0325,37,Female,Customer Support,1415000,2009-07-29,Support Manager,17,5.7,17 years and 2 months
EMP0326,24,Male,Sales,885000,2019-12-02,Sales Executive,6,7.9,6 years and 10 months
EMP0327,34,Male,Marketing,1345000,2016-08-12,Marketing Manager,10,7.1,10 years and 1 months
EMP0328,24,Female,Marketing,710000,2021-10-04,Marketing Analyst,4,9.6,4 years and 11 months
EMP0329,26,Male,HR,590000,2022-12-21,HR Executive,3,8.1,3 years and 9 months
EMP0330,41,Male,Data Science,2480000,2002-11-07,ML Engineer,23,9.5,23 years and 10 months
EMP0331,29,Male,Data Analytics,695000,2023-09-23,BI Analyst,3,5.2,3 years and 0 months
EMP0332,31,Male,Operations,1460000,2015-01-26,Operations Manager,11,2.7,11 years and 8 months
EMP0333,35,Female,Engineering,1660000,2014-11-06,Senior Software Engineer,11,7.4,11 years and 10 months
EMP0334,33,Male,Engineering,1375000,2015-12-10,Senior Software Engineer,10,7.3,10 years and 9 months
EMP0335,31,Female,Engineering,1165000,2018-04-02,Senior Software Engineer,8,6.9,8 years and 6 months
EMP0336,32,Female,Engineering,1330000,2016-04-07,Senior Software Engineer,10,7.2,10 years and 5 months
EMP0337,44,Male,Infromation Technology,2060000,2005-03-22,DevOps Engineer,21,5.6,21 years and 6 months
EMP0338,30,Female,Sales,1280000,2018-05-28,Sales Manager,8,7.9,8 years and 4 months
EMP0339,31,Male,Finance,1650000,2013-09-14,Finance Manager,13,8.1,13 years and 0 months
EMP0340,36,Female,Engineering,1925000,2008-11-11,Senior Software Engineer,17,5.5,17 years and 10 months
EMP0341,37,Male,Finance,1885000,2009-08-01,Finance Manager,17,6.6,17 years and 2 months
EMP0342,37,Female,Finance,1630000,2014-04-05,Finance Manager,12,6.7,12 years and 5 months
EMP0343,34,Male,Engineering,1180000,2019-02-04,Senior Software Engineer,7,6.2,7 years and 7 months
EMP0344,23,Male,HR,670000,2022-09-08,Recruiter,4,5.5,4 years and 0 months
EMP0345,40,Female,HR,2110000,2005-07-15,HR Manager,21,7.1,21 years and 2 months
EMP0346,23,Female,Marketing,830000,2020-11-17,Digital Marketing Executive,5,7.5,5 years and 10 months
EMP0347,32,Male,Sales,1150000,2019-04-01,Sales Manager,7,6.3,7 years and 6 months
EMP0348,25,Male,Engineering,610000,2024-11-19,Backend Developer,1,5.6,1 years and 10 months
EMP0349,30,Female,Data Analytics,580000,2026-06-24,Business Analyst,0,7.7,0 years and 3 months
EMP0350,32,Female,Marketing,1170000,2019-08-02,Marketing Manager,7,6.1,7 years and 2 months
EMP0351,32,Female,Finance,1345000,2012-12-22,Finance Manager,13,6.7,13 years and 9 months
EMP0352,33,Female,Infromation Technology,1135000,2018-09-11,IT Support Engineer,8,6.5,8 years and 0 months
EMP0353,40,Female,Sales,1795000,2006-03-08,Sales Manager,20,8.8,20 years and 6 months
EMP0354,33,Female,Engineering,1320000,2017-05-30,Senior Software Engineer,9,6.1,9 years and 4 months
EMP0355,29,Male,Engineering,1180000,2019-08-22,Senior Software Engineer,7,9.4,7 years and 1 months
EMP0356,36,Male,Sales,1310000,2018-06-27,Sales Manager,8,8.1,8 years and 3 months
EMP0357,37,Female,Engineering,1525000,2012-09-03,Senior Software Engineer,14,9.6,14 years and 1 months
EMP0358,23,Female,Marketing,710000,2026-04-26,Marketing Manager,0,8.0,0 years and 5 months
EMP0359,34,Male,Customer Support,955000,2016-06-13,Support Manager,10,6.8,10 years and 3 months
EMP0360,34,Male,Marketing,700000,2022-01-28,Marketing Analyst,4,5.9,4 years and 8 months
EMP0361,28,Female,HR,1425000,2016-06-03,HR Manager,10,6.6,10 years and 4 months
EMP0362,38,Male,Sales,1925000,2008-01-06,Sales Manager,18,9.1,18 years and 8 months
EMP0363,29,Male,HR,1055000,2017-12-13,HR Manager,8,7.0,8 years and 9 months
EMP0364,31,Male,Finance,1470000,2013-03-11,Finance Manager,13,8.0,13 years and 6 months
EMP0365,29,Male,Customer Support,585000,2024-06-13,Support Executive,2,7.4,2 years and 3 months
EMP0366,30,Male,HR,1300000,2013-12-30,HR Manager,12,7.4,12 years and 9 months
EMP0367,23,Male,Customer Support,840000,2022-08-07,Support Manager,4,7.5,4 years and 1 months
EMP0368,21,Male,Infromation Technology,465000,2026-08-05,DevOps Engineer,0,7.8,0 years and 1 months
EMP0369,40,Female,Data Science,1975000,2003-12-20,ML Engineer,22,6.0,22 years and 9 months
EMP0370,25,Male,Engineering,675000,2026-06-09,Backend Developer,0,6.7,0 years and 3 months
EMP0371,24,Female,Engineering,950000,2025-11-27,Senior Software Engineer,0,7.5,0 years and 10 months
EMP0372,21,Female,Engineering,585000,2025-10-25,Frontend Developer,0,7.3,0 years and 11 months
EMP0373,26,Male,Engineering,630000,2025-03-17,Backend Developer,1,6.5,1 years and 6 months
EMP0374,22,Female,Sales,525000,2025-11-14,Sales Executive,0,7.7,0 years and 10 months
EMP0375,40,Male,Engineering,2255000,2004-04-10,Senior Software Engineer,22,6.1,22 years and 5 months
EMP0376,36,Female,Data Analytics,1070000,2014-02-27,Data Analyst,12,5.4,12 years and 7 months
EMP0377,26,Male,Infromation Technology,905000,2021-12-29,DevOps Engineer,4,7.5,4 years and 9 months
EMP0378,44,Female,Engineering,2155000,2007-09-20,Senior Software Engineer,19,5.5,19 years and 0 months
EMP0379,36,Male,Operations,880000,2020-08-02,Operations Manager,6,7.5,6 years and 2 months
EMP0380,28,Male,Data Analytics,885000,2020-08-09,Data Analyst,6,4.5,6 years and 1 months
EMP0381,21,Male,Engineering,785000,2026-04-16,Senior Software Engineer,0,6.1,0 years and 5 months
EMP0382,44,Female,Sales,2050000,2005-09-10,Sales Manager,21,6.7,21 years and 0 months
EMP0383,22,Female,Marketing,735000,2025-10-30,Marketing Manager,0,4.9,0 years and 11 months
EMP0384,21,Male,Infromation Technology,720000,2023-07-29,DevOps Engineer,3,6.6,3 years and 2 months
EMP0385,36,Female,Sales,1585000,2009-06-27,Sales Manager,17,8.7,17 years and 3 months
EMP0386,45,Male,Operations,2010000,2004-07-24,Operations Manager,22,5.4,22 years and 2 months
EMP0387,38,Female,Data Analytics,2030000,2006-03-28,Data Analyst,20,6.6,20 years and 6 months
EMP0388,33,Male,Engineering,1205000,2019-04-15,Senior Software Engineer,7,9.4,7 years and 5 months
EMP0389,34,Female,Operations,1275000,2013-01-04,Operations Manager,13,5.7,13 years and 8 months
EMP0390,35,Male,Operations,1555000,2013-03-31,Operations Manager,13,9.0,13 years and 6 months
EMP0391,35,Male,Customer Support,1525000,2013-09-11,Support Manager,13,6.7,13 years and 0 months
EMP0392,32,Male,HR,1375000,2012-04-06,HR Manager,14,7.2,14 years and 5 months
EMP0393,31,Male,Data Analytics,1225000,2014-11-11,BI Analyst,11,8.8,11 years and 10 months
EMP0394,30,Male,Operations,1295000,2018-06-17,Operations Manager,8,6.4,8 years and 3 months
EMP0395,25,Male,Data Analytics,625000,2025-10-31,Data Analyst,0,8.0,0 years and 11 months
EMP0396,28,Female,Customer Support,555000,2025-04-22,Customer Success Executive,1,8.3,1 years and 5 months
EMP0397,21,Male,Infromation Technology,645000,2025-12-03,System Administrator,0,6.2,0 years and 10 months
EMP0398,29,Male,HR,1000000,2020-03-10,HR Executive,6,6.1,6 years and 6 months
EMP0399,24,Male,Operations,685000,2026-07-15,Operations Manager,0,6.8,0 years and 2 months
EMP0400,23,Male,Operations,680000,2021-09-16,Operations Analyst,5,6.8,5 years and 0 months
EMP0401,31,Male,Engineering,1770000,2012-11-11,Senior Software Engineer,13,5.6,13 years and 10 months
EMP0402,38,Male,Infromation Technology,1535000,2009-07-01,System Administrator,17,6.2,17 years and 3 months
EMP0403,36,Male,Finance,1495000,2013-05-10,Finance Manager,13,2.4,13 years and 4 months
EMP0404,21,Male,Infromation Technology,575000,2026-09-29,DevOps Engineer,0,6.6,0 years and 0 months
EMP0405,24,Male,Data Analytics,660000,2026-09-21,Business Analyst,0,8.3,0 years and 0 months
EMP0406,36,Male,Infromation Technology,1455000,2013-06-01,System Administrator,13,4.8,13 years and 4 months
EMP0407,24,Male,HR,910000,2024-07-12,HR Manager,2,6.5,2 years and 2 months
EMP0408,29,Male,Engineering,835000,2025-05-14,Senior Software Engineer,1,10.0,1 years and 4 months
EMP0409,33,Female,Infromation Technology,1285000,2014-11-12,System Administrator,11,7.1,11 years and 10 months
EMP0410,24,Male,Engineering,735000,2026-05-04,Backend Developer,0,8.9,0 years and 4 months
EMP0411,31,Female,Data Analytics,615000,2025-12-17,Business Analyst,0,5.7,0 years and 9 months
EMP0412,22,Male,Customer Support,425000,2025-10-05,Support Executive,0,7.7,0 years and 11 months
EMP0413,26,Female,Customer Support,565000,2024-10-26,Customer Success Executive,1,5.5,1 years and 11 months
EMP0414,32,Female,Marketing,1675000,2012-05-28,Marketing Manager,14,7.6,14 years and 4 months
EMP0415,21,Male,Sales,430000,2026-02-04,Business Development Executive,0,8.2,0 years and 7 months
EMP0416,33,Female,HR,655000,2021-08-05,Recruiter,5,7.9,5 years and 1 months
EMP0417,30,Male,Data Analytics,1020000,2017-03-19,BI Analyst,9,6.6,9 years and 6 months
EMP0418,33,Male,Data Analytics,755000,2022-03-05,Data Analyst,4,7.5,4 years and 6 months
EMP0419,31,Female,Sales,1560000,2014-08-20,Sales Manager,12,7.5,12 years and 1 months
EMP0420,38,Female,Operations,1290000,2013-06-29,Operations Manager,13,8.0,13 years and 3 months
EMP0421,31,Male,Operations,1180000,2017-12-28,Operations Manager,8,6.9,8 years and 9 months
EMP0422,27,Male,Operations,1110000,2017-09-10,Operations Manager,9,8.4,9 years and 0 months
EMP0423,31,Male,Engineering,820000,2022-11-01,Software Engineer,3,9.0,3 years and 11 months
EMP0424,33,Male,Finance,1075000,2022-08-19,Finance Manager,4,6.7,4 years and 1 months
EMP0425,30,Female,Engineering,1030000,2021-09-05,Frontend Developer,5,7.2,5 years and 0 months
EMP0426,30,Male,Finance,1550000,2014-12-26,Finance Manager,11,5.9,11 years and 9 months
EMP0427,26,Male,HR,550000,2026-06-26,HR Executive,0,7.6,0 years and 3 months
EMP0428,26,Male,Infromation Technology,585000,2026-08-26,DevOps Engineer,0,7.6,0 years and 1 months
EMP0429,22,Male,Data Analytics,575000,2026-06-14,Data Analyst,0,7.2,0 years and 3 months
EMP0430,40,Male,Engineering,2075000,2007-08-12,Senior Software Engineer,19,7.3,19 years and 1 months
EMP0431,23,Female,Engineering,1030000,2021-03-24,Backend Developer,5,9.7,5 years and 6 months
EMP0432,26,Female,Operations,825000,2025-02-24,Operations Manager,1,3.2,1 years and 7 months
EMP0433,26,Female,Marketing,905000,2025-03-30,Marketing Manager,1,6.4,1 years and 6 months
EMP0434,35,Male,Engineering,1755000,2009-07-28,Senior Software Engineer,17,6.6,17 years and 2 months
EMP0435,28,Female,Engineering,610000,2025-11-18,Backend Developer,0,9.1,0 years and 10 months
EMP0436,37,Female,Sales,1315000,2014-05-27,Sales Manager,12,7.7,12 years and 4 months
EMP0437,26,Female,Engineering,940000,2022-08-08,Software Engineer,4,7.8,4 years and 1 months
EMP0438,32,Male,Infromation Technology,1195000,2015-06-29,System Administrator,11,8.8,11 years and 3 months
EMP0439,25,Male,Sales,450000,2025-10-30,Sales Executive,0,6.9,0 years and 11 months
EMP0440,43,Male,Engineering,2155000,2006-07-11,Senior Software Engineer,20,8.0,20 years and 2 months
EMP0441,23,Male,Engineering,705000,2025-12-11,Software Engineer,0,6.4,0 years and 9 months
EMP0442,32,Male,Customer Support,715000,2020-06-05,Support Executive,6,5.7,6 years and 3 months
EMP0443,34,Male,Data Analytics,1460000,2013-03-10,Data Analyst,13,9.5,13 years and 6 months
EMP0444,32,Male,Data Analytics,1015000,2020-11-02,Business Analyst,5,7.6,5 years and 11 months
EMP0445,29,Female,Operations,910000,2020-05-01,Process Executive,6,8.0,6 years and 5 months
EMP0446,29,Male,Customer Support,915000,2018-08-29,Support Manager,8,5.6,8 years and 1 months
EMP0447,30,Male,Customer Support,800000,2020-07-15,Support Manager,6,7.8,6 years and 2 months
EMP0448,29,Female,Operations,1150000,2019-07-28,Operations Manager,7,9.5,7 years and 2 months
EMP0449,36,Female,Data Analytics,1220000,2016-10-25,BI Analyst,9,6.7,9 years and 11 months
EMP0450,43,Female,Engineering,1690000,2007-09-02,Senior Software Engineer,19,5.4,19 years and 1 months
EMP0451,27,Lesbian,Operations,995000,2020-06-27,Operations Manager,6,7.3,6 years and 3 months
EMP0452,22,Male,Marketing,800000,2026-04-15,Marketing Manager,0,5.7,0 years and 5 months
EMP0453,29,Female,HR,865000,2022-04-16,HR Manager,4,5.0,4 years and 5 months
EMP0454,45,Male,Infromation Technology,1755000,2003-05-09,IT Support Engineer,23,6.1,23 years and 4 months
EMP0455,25,Male,Engineering,1005000,2021-07-23,Frontend Developer,5,6.4,5 years and 2 months
EMP0456,40,Male,Finance,1285000,2017-09-30,Finance Manager,9,5.8,9 years and 0 months
EMP0457,40,Male,Engineering,2195000,2003-11-27,Senior Software Engineer,22,8.9,22 years and 10 months
EMP0458,27,Male,Finance,755000,2023-08-31,Accountant,3,9.7,3 years and 1 months
EMP0459,33,Female,Engineering,1400000,2013-12-21,Senior Software Engineer,12,7.9,12 years and 9 months
EMP0460,40,Female,Engineering,2095000,2004-07-16,Senior Software Engineer,22,7.6,22 years and 2 months
EMP0461,28,Male,Engineering,625000,2026-08-19,Frontend Developer,0,6.9,0 years and 1 months
EMP0462,29,Male,Sales,665000,2023-06-19,Business Development Executive,3,5.9,3 years and 3 months
EMP0463,27,Female,Operations,900000,2023-10-01,Operations Manager,3,9.3,3 years and 0 months
EMP0464,24,Female,Marketing,830000,2026-08-01,Marketing Manager,0,7.0,0 years and 2 months
EMP0465,26,Male,Customer Support,1095000,2018-01-06,Support Manager,8,6.5,8 years and 8 months
EMP0466,23,Female,Data Analytics,645000,2026-04-04,BI Analyst,0,8.5,0 years and 5 months
EMP0467,30,Male,Data Analytics,850000,2021-02-20,Data Analyst,5,7.0,5 years and 7 months
EMP0468,25,Male,Infromation Technology,790000,2023-09-26,System Administrator,3,8.4,3 years and 0 months
EMP0469,31,Female,Data Science,755000,2023-06-21,ML Engineer,3,6.5,3 years and 3 months
EMP0470,21,Male,Customer Support,560000,2026-09-21,Customer Success Executive,0,8.5,0 years and 0 months
EMP0471,32,Male,Engineering,1550000,2016-07-24,Senior Software Engineer,10,8.4,10 years and 2 months
EMP0472,35,Female,Customer Support,1100000,2015-07-06,Support Manager,11,8.9,11 years and 2 months
EMP0473,21,Female,Engineering,595000,2026-02-17,Backend Developer,0,6.1,0 years and 7 months
EMP0474,32,Male,Infromation Technology,1000000,2019-04-28,IT Support Engineer,7,7.0,7 years and 5 months
EMP0475,37,Male,Finance,1230000,2018-02-17,Finance Manager,8,9.7,8 years and 7 months
EMP0476,23,Male,Customer Support,505000,2025-05-28,Customer Success Executive,1,6.8,1 years and 4 months
EMP0477,40,Female,Engineering,2280000,2004-03-11,Senior Software Engineer,22,8.2,22 years and 6 months
EMP0478,33,Male,Marketing,1250000,2016-06-28,Marketing Manager,10,10.0,10 years and 3 months
EMP0479,26,Male,Customer Support,890000,2022-07-20,Support Manager,4,4.6,4 years and 2 months
EMP0480,30,Female,Finance,1310000,2016-06-10,Finance Manager,10,6.7,10 years and 3 months
EMP0481,33,Male,Marketing,785000,2021-03-25,Digital Marketing Executive,5,7.1,5 years and 6 months
EMP0482,30,Male,Sales,1495000,2014-04-17,Sales Manager,12,4.7,12 years and 5 months
EMP0483,33,Male,HR,1230000,2014-12-01,HR Manager,11,6.5,11 years and 10 months
EMP0484,24,Female,Marketing,840000,2020-03-12,Digital Marketing Executive,6,5.8,6 years and 6 months
EMP0485,31,Male,Marketing,1235000,2021-08-07,Marketing Manager,5,8.3,5 years and 1 months
EMP0486,22,Male,Infromation Technology,795000,2022-03-08,DevOps Engineer,4,4.8,4 years and 6 months
EMP0487,29,Female,Engineering,1555000,2017-08-23,Senior Software Engineer,9,9.7,9 years and 1 months
EMP0488,25,Male,Data Analytics,865000,2022-08-31,Data Analyst,4,8.0,4 years and 1 months
EMP0489,26,Male,Customer Support,925000,2022-09-17,Support Manager,4,5.7,4 years and 0 months
EMP0490,37,Male,Infromation Technology,1255000,2013-08-03,System Administrator,13,8.5,13 years and 2 months
EMP0491,37,Male,HR,1710000,2007-05-04,HR Manager,19,7.9,19 years and 4 months
EMP0492,34,Male,Marketing,1395000,2013-12-24,Marketing Manager,12,7.0,12 years and 9 months
EMP0493,23,Male,Data Science,680000,2026-03-06,ML Engineer,0,6.1,0 years and 6 months
EMP0494,28,Male,Data Science,270000,2024-11-15,Data Science Intern,1,7.8,1 years and 10 months
EMP0495,37,Male,Finance,1465000,2013-03-31,Finance Manager,13,7.3,13 years and 6 months
EMP0496,31,Female,Data Analytics,1315000,2017-05-26,BI Analyst,9,6.2,9 years and 4 months
EMP0497,44,Lesbian,Marketing,1765000,2005-06-01,Marketing Manager,21,5.3,21 years and 4 months
EMP0498,32,Female,Engineering,1460000,2011-12-17,Senior Software Engineer,14,6.0,14 years and 9 months
EMP0499,31,Female,Customer Support,700000,2026-06-09,Support Manager,0,6.4,0 years and 3 months
EMP0500,28,Male,Customer Support,920000,2020-03-17,Support Manager,6,8.7,6 years and 6 months
EMP0501,31,Female,Sales,630000,2025-09-18,Sales Manager,1,8.3,1 years and 0 months
EMP0502,29,Male,Finance,1420000,2017-01-05,Finance Manager,9,6.5,9 years and 8 months
EMP0503,34,Female,Data Analytics,1195000,2015-07-07,Data Analyst,11,6.5,11 years and 2 months
EMP0504,36,Lesbian,Operations,1365000,2011-03-04,Operations Manager,15,8.4,15 years and 6 months
EMP0505,25,Female,Sales,550000,2025-12-27,Sales Manager,0,7.5,0 years and 9 months
EMP0506,22,Lesbian,Engineering,820000,2022-03-13,Frontend Developer,4,7.4,4 years and 6 months
EMP0507,21,Male,Infromation Technology,770000,2024-07-19,IT Support Engineer,2,6.2,2 years and 2 months
EMP0508,33,Male,Infromation Technology,1215000,2014-09-09,DevOps Engineer,12,6.9,12 years and 0 months
EMP0509,23,Male,Customer Support,450000,2026-06-22,Support Executive,0,7.1,0 years and 3 months
EMP0510,21,Male,Sales,740000,2026-04-08,Sales Manager,0,7.0,0 years and 5 months
EMP0511,32,Male,Marketing,1110000,2020-06-07,Marketing Manager,6,8.1,6 years and 3 months
EMP0512,45,Female,HR,1870000,2001-04-24,HR Manager,25,8.1,25 years and 5 months
EMP0513,30,Lesbian,Customer Support,1120000,2014-08-24,Support Manager,12,5.9,12 years and 1 months
EMP0514,35,Male,Infromation Technology,1570000,2009-10-26,IT Support Engineer,16,6.4,16 years and 11 months
EMP0515,30,Female,Engineering,1160000,2022-06-04,Senior Software Engineer,4,6.2,4 years and 3 months
EMP0516,29,Female,Engineering,1345000,2019-06-28,Senior Software Engineer,7,9.0,7 years and 3 months
EMP0517,36,Female,Data Analytics,950000,2018-05-11,BI Analyst,8,10.0,8 years and 4 months
EMP0518,28,Female,Operations,1085000,2019-03-01,Operations Manager,7,6.5,7 years and 7 months
EMP0519,32,Male,Customer Support,1170000,2015-02-17,Support Manager,11,6.9,11 years and 7 months
EMP0520,32,Female,Engineering,835000,2023-11-23,Backend Developer,2,8.2,2 years and 10 months
EMP0521,26,Female,Marketing,585000,2026-05-24,Marketing Analyst,0,6.1,0 years and 4 months
EMP0522,36,Male,HR,1205000,2013-10-17,HR Manager,12,8.3,12 years and 11 months
EMP0523,29,Male,Customer Support,695000,2020-11-18,Customer Success Executive,5,7.1,5 years and 10 months
EMP0524,25,Female,Infromation Technology,595000,2026-05-17,DevOps Engineer,0,4.7,0 years and 4 months
EMP0525,33,Male,Infromation Technology,1310000,2013-11-14,DevOps Engineer,12,5.3,12 years and 10 months
EMP0526,25,Female,Finance,795000,2022-10-30,Financial Analyst,3,6.6,3 years and 11 months
EMP0527,30,Female,HR,780000,2020-01-03,HR Executive,6,8.8,6 years and 9 months
EMP0528,30,Male,Data Science,955000,2022-06-07,AI Engineer,4,5.9,4 years and 3 months
EMP0529,37,Male,Engineering,2045000,2007-12-04,Senior Software Engineer,18,6.4,18 years and 9 months
EMP0530,33,Female,Infromation Technology,1285000,2011-07-03,System Administrator,15,7.4,15 years and 3 months
EMP0531,30,Male,Operations,880000,2021-04-17,Process Executive,5,4.8,5 years and 5 months
EMP0532,35,Male,Customer Support,1165000,2016-03-14,Support Manager,10,7.5,10 years and 6 months
EMP0533,38,Male,Customer Support,1635000,2008-10-29,Support Manager,17,5.0,17 years and 11 months
EMP0534,33,Male,Marketing,1130000,2017-05-07,Marketing Manager,9,7.9,9 years and 4 months
EMP0535,30,Female,Operations,1025000,2020-04-02,Operations Manager,6,6.0,6 years and 6 months
EMP0536,22,Male,Customer Support,525000,2024-05-02,Support Executive,2,5.8,2 years and 5 months
EMP0537,24,Female,Infromation Technology,610000,2026-07-19,IT Support Engineer,0,7.5,0 years and 2 months
EMP0538,28,Male,Data Science,1345000,2015-10-04,ML Engineer,10,8.2,10 years and 11 months
EMP0539,26,Male,HR,905000,2023-01-01,HR Manager,3,7.6,3 years and 9 months
EMP0540,29,Female,Engineering,830000,2022-08-21,Frontend Developer,4,7.4,4 years and 1 months
EMP0541,30,Female,Customer Support,1235000,2019-03-05,Support Manager,7,7.4,7 years and 6 months
EMP0542,33,Male,Marketing,1250000,2016-06-24,Marketing Manager,10,7.6,10 years and 3 months
EMP0543,30,Male,Data Science,390000,2026-08-17,Data Science Intern,0,7.7,0 years and 1 months
EMP0544,33,Male,Sales,1835000,2011-07-15,Sales Manager,15,6.6,15 years and 2 months
EMP0545,30,Male,Marketing,1110000,2019-09-16,Marketing Manager,7,8.0,7 years and 0 months
EMP0546,21,Female,Data Analytics,625000,2026-07-20,BI Analyst,0,6.0,0 years and 2 months
EMP0547,24,Male,Engineering,1135000,2021-09-18,Senior Software Engineer,5,8.6,5 years and 0 months
EMP0548,29,Male,Sales,630000,2024-04-27,Sales Manager,2,8.2,2 years and 5 months
EMP0549,23,Male,Finance,665000,2024-02-21,Accountant,2,10.0,2 years and 7 months
EMP0550,34,Female,Operations,1225000,2016-05-24,Operations Manager,10,7.8,10 years and 4 months
EMP0551,39,Lesbian,Finance,2185000,2006-11-02,Finance Manager,19,8.3,19 years and 11 months
EMP0552,37,Male,Infromation Technology,1030000,2021-08-16,DevOps Engineer,5,5.0,5 years and 1 months
EMP0553,29,Female,Marketing,905000,2020-06-17,Digital Marketing Executive,6,8.4,6 years and 3 months
EMP0554,39,Male,Marketing,1365000,2012-06-18,Marketing Manager,14,8.7,14 years and 3 months
EMP0555,31,Male,Infromation Technology,1270000,2016-01-12,IT Support Engineer,10,9.1,10 years and 8 months
EMP0556,28,Female,HR,1160000,2019-03-12,HR Manager,7,7.3,7 years and 6 months
EMP0557,26,Female,Engineering,745000,2026-07-14,Software Engineer,0,6.6,0 years and 2 months
EMP0558,28,Female,Engineering,745000,2024-04-29,Frontend Developer,2,5.6,2 years and 5 months
EMP0559,28,Male,Operations,845000,2021-01-04,Process Executive,5,5.8,5 years and 8 months
EMP0560,31,Male,Marketing,775000,2022-01-28,Digital Marketing Executive,4,7.1,4 years and 8 months
EMP0561,31,Female,Sales,1155000,2015-09-15,Sales Manager,11,4.7,11 years and 0 months
EMP0562,30,Male,Data Science,1035000,2019-10-22,Data Scientist,6,6.1,6 years and 11 months
EMP0563,33,Male,Engineering,640000,2026-09-05,Backend Developer,0,7.2,0 years and 0 months
EMP0564,37,Male,Engineering,1850000,2013-03-01,Senior Software Engineer,13,7.2,13 years and 7 months
EMP0565,36,Female,Data Analytics,1130000,2017-05-02,BI Analyst,9,5.8,9 years and 5 months
EMP0566,21,Male,Marketing,735000,2026-04-30,Marketing Manager,0,5.4,0 years and 5 months
EMP0567,21,Male,HR,460000,2026-04-10,Recruiter,0,5.6,0 years and 5 months
EMP0568,36,Female,HR,1560000,2013-07-04,HR Manager,13,6.8,13 years and 2 months
EMP0569,22,Male,Infromation Technology,855000,2021-10-29,DevOps Engineer,4,10.0,4 years and 11 months
EMP0570,29,Male,Data Analytics,1050000,2019-04-05,BI Analyst,7,8.5,7 years and 5 months
EMP0571,23,Male,Finance,630000,2026-05-23,Accountant,0,7.4,0 years and 4 months
EMP0572,21,Male,Operations,605000,2025-12-07,Operations Manager,0,7.8,0 years and 9 months
EMP0573,33,Male,HR,1345000,2018-01-01,HR Manager,8,8.5,8 years and 9 months
EMP0574,35,Male,Marketing,1240000,2017-01-03,Marketing Manager,9,8.0,9 years and 9 months
EMP0575,27,Female,Infromation Technology,730000,2026-07-17,IT Support Engineer,0,6.7,0 years and 2 months
EMP0576,21,Male,Customer Support,510000,2026-04-07,Customer Success Executive,0,6.0,0 years and 5 months
EMP0577,27,Female,Engineering,845000,2024-03-31,Software Engineer,2,6.9,2 years and 6 months
EMP0578,32,Male,Customer Support,1315000,2015-11-19,Support Manager,10,8.5,10 years and 10 months
EMP0579,21,Male,Finance,550000,2026-05-23,Accountant,0,6.7,0 years and 4 months
EMP0580,31,Male,Data Science,1170000,2019-10-05,AI Engineer,6,5.6,6 years and 11 months
EMP0581,30,Male,HR,915000,2023-08-14,HR Manager,3,4.8,3 years and 1 months
EMP0582,33,Female,Customer Support,1175000,2014-08-10,Support Manager,12,6.9,12 years and 1 months
EMP0583,31,Male,Finance,815000,2023-05-01,Accountant,3,5.7,3 years and 5 months
EMP0584,24,Male,Data Analytics,775000,2021-10-12,BI Analyst,4,6.5,4 years and 11 months
EMP0585,37,Female,Sales,1090000,2016-03-17,Sales Manager,10,9.1,10 years and 6 months
EMP0586,29,Female,Data Science,1000000,2022-11-28,ML Engineer,3,7.0,3 years and 10 months
EMP0587,30,Female,Engineering,805000,2024-10-10,Senior Software Engineer,1,6.1,1 years and 11 months
EMP0588,24,Male,Engineering,840000,2026-06-05,Senior Software Engineer,0,7.5,0 years and 3 months
EMP0589,27,Female,Engineering,1240000,2018-01-13,Senior Software Engineer,8,9.7,8 years and 8 months
EMP0590,25,Male,Engineering,930000,2022-08-17,Software Engineer,4,6.9,4 years and 1 months
EMP0591,29,Male,Engineering,1370000,2015-12-06,Senior Software Engineer,10,3.9,10 years and 9 months
EMP0592,40,Male,Sales,2200000,2006-10-15,Sales Manager,19,8.0,19 years and 11 months
EMP0593,22,Male,Data Science,655000,2026-03-26,ML Engineer,0,7.6,0 years and 6 months
EMP0594,21,Male,Data Analytics,580000,2025-11-25,BI Analyst,0,7.2,0 years and 10 months
EMP0595,39,Male,Infromation Technology,1365000,2012-11-20,DevOps Engineer,13,6.8,13 years and 10 months
EMP0596,29,Female,Finance,1630000,2015-05-28,Finance Manager,11,6.0,11 years and 4 months
EMP0597,26,Male,Sales,675000,2026-08-13,Sales Manager,0,9.1,0 years and 1 months
EMP0598,36,Male,Engineering,1720000,2009-09-10,Senior Software Engineer,17,4.6,17 years and 0 months
EMP0599,26,Male,Data Science,1265000,2019-01-10,ML Engineer,7,6.7,7 years and 8 months
EMP0600,41,Female,Engineering,2160000,2003-06-11,Senior Software Engineer,23,6.7,23 years and 3 months
EMP0601,34,Male,Engineering,1350000,2017-05-12,Senior Software Engineer,9,8.3,9 years and 4 months
EMP0602,27,Male,Data Science,1185000,2019-03-17,ML Engineer,7,8.8,7 years and 6 months
EMP0603,43,Female,Engineering,1870000,2001-05-03,Senior Software Engineer,25,6.8,25 years and 5 months
EMP0604,26,Female,Engineering,675000,2024-10-18,Backend Developer,1,7.4,1 years and 11 months
EMP0605,34,Male,Engineering,895000,2021-05-21,Backend Developer,5,7.5,5 years and 4 months
EMP0606,32,Female,Finance,645000,2025-05-06,Financial Analyst,1,8.5,1 years and 4 months
EMP0607,38,Female,Data Science,220000,2007-11-04,Data Science Intern,18,8.5,18 years and 10 months
EMP0608,39,Female,Data Analytics,945000,2018-07-24,Data Analyst,8,6.4,8 years and 2 months
EMP0609,30,Male,Finance,1000000,2020-02-12,Financial Analyst,6,7.7,6 years and 7 months
EMP0610,25,Female,Sales,740000,2021-11-02,Business Development Executive,4,7.6,4 years and 11 months
EMP0611,33,Male,Engineering,1540000,2014-12-09,Senior Software Engineer,11,6.9,11 years and 9 months
EMP0612,26,Male,Operations,885000,2021-05-01,Operations Analyst,5,7.6,5 years and 5 months
EMP0613,42,Male,Marketing,2125000,2006-07-08,Marketing Manager,20,7.1,20 years and 2 months
EMP0614,31,Male,Engineering,1825000,2012-11-04,Senior Software Engineer,13,7.3,13 years and 10 months
EMP0615,28,Male,Infromation Technology,705000,2025-03-16,IT Support Engineer,1,5.3,1 years and 6 months
EMP0616,31,Female,Customer Support,660000,2021-04-24,Customer Success Executive,5,5.9,5 years and 5 months
EMP0617,22,Male,Engineering,770000,2026-09-05,Backend Developer,0,8.2,0 years and 0 months
EMP0618,24,Male,Data Science,265000,2022-06-03,Data Science Intern,4,5.5,4 years and 4 months
EMP0619,37,Male,Operations,1650000,2007-12-09,Operations Manager,18,7.7,18 years and 9 months
EMP0620,26,Male,Operations,765000,2021-03-04,Operations Analyst,5,7.0,5 years and 6 months
EMP0621,24,Female,Data Science,220000,2020-07-31,Data Science Intern,6,8.5,6 years and 2 months
EMP0622,33,Male,Data Science,985000,2021-07-26,ML Engineer,5,8.0,5 years and 2 months
EMP0623,37,Male,Data Analytics,1810000,2007-01-26,BI Analyst,19,6.5,19 years and 8 months
EMP0624,34,Male,Finance,1700000,2010-10-03,Finance Manager,16,6.8,16 years and 0 months
EMP0625,36,Male,Marketing,1625000,2010-06-19,Marketing Manager,16,4.4,16 years and 3 months
EMP0626,25,Male,Data Analytics,1140000,2018-12-21,Data Analyst,7,6.9,7 years and 9 months
EMP0627,21,Female,Finance,705000,2026-08-13,Accountant,0,5.4,0 years and 1 months
EMP0628,39,Female,Operations,1640000,2012-05-17,Operations Manager,14,6.8,14 years and 4 months
EMP0629,28,Male,Engineering,715000,2024-02-26,Software Engineer,2,6.2,2 years and 7 months
EMP0630,28,Female,Data Science,1230000,2018-08-20,AI Engineer,8,5.9,8 years and 1 months
EMP0631,38,Female,Sales,1395000,2015-01-08,Sales Manager,11,8.7,11 years and 8 months
EMP0632,33,Female,Infromation Technology,1080000,2013-07-18,System Administrator,13,5.4,13 years and 2 months
EMP0633,33,Male,Finance,1785000,2011-03-03,Finance Manager,15,5.8,15 years and 7 months
EMP0634,43,Male,Finance,2140000,2003-07-01,Finance Manager,23,6.2,23 years and 3 months
EMP0635,26,Male,Engineering,910000,2022-02-08,Backend Developer,4,6.5,4 years and 7 months
EMP0636,36,Female,HR,1170000,2016-12-25,HR Manager,9,5.9,9 years and 9 months
EMP0637,30,Female,Finance,790000,2022-05-06,Financial Analyst,4,6.6,4 years and 4 months
EMP0638,32,Male,Data Science,380000,2011-12-05,Data Science Intern,14,7.5,14 years and 9 months
EMP0639,39,Male,Data Science,2265000,2007-08-01,ML Engineer,19,8.0,19 years and 2 months
EMP0640,33,Female,Data Analytics,1305000,2016-02-12,BI Analyst,10,7.9,10 years and 7 months
EMP0641,33,Female,Engineering,1500000,2018-07-08,Senior Software Engineer,8,4.5,8 years and 2 months
EMP0642,36,Lesbian,Data Analytics,925000,2021-07-15,BI Analyst,5,7.6,5 years and 2 months
EMP0643,28,Female,Data Science,835000,2025-03-10,AI Engineer,1,7.7,1 years and 6 months
EMP0644,25,Male,Data Analytics,925000,2018-12-28,Data Analyst,7,6.2,7 years and 9 months
EMP0645,24,Male,Engineering,615000,2025-10-29,Software Engineer,0,9.4,0 years and 11 months
EMP0646,21,Female,Infromation Technology,620000,2026-01-20,IT Support Engineer,0,8.6,0 years and 8 months
EMP0647,42,Male,Marketing,1880000,2002-12-07,Marketing Manager,23,6.9,23 years and 9 months
EMP0648,23,Male,Sales,470000,2026-05-24,Business Development Executive,0,6.3,0 years and 4 months
EMP0649,29,Female,Operations,1300000,2019-07-11,Operations Manager,7,9.3,7 years and 2 months
EMP0650,28,Male,Finance,1285000,2016-12-31,Finance Manager,9,7.1,9 years and 9 months
EMP0651,32,Female,Engineering,1220000,2017-03-30,Senior Software Engineer,9,7.2,9 years and 6 months
EMP0652,35,Male,Finance,1985000,2009-08-20,Finance Manager,17,7.2,17 years and 1 months
EMP0653,35,Female,Marketing,910000,2021-04-02,Marketing Manager,5,10.0,5 years and 6 months
EMP0654,27,Male,Operations,1170000,2018-01-08,Operations Manager,8,6.8,8 years and 8 months
EMP0655,29,Male,HR,705000,2020-12-10,HR Executive,5,7.1,5 years and 9 months
EMP0656,32,Male,Engineering,1595000,2013-11-16,Senior Software Engineer,12,6.0,12 years and 10 months
EMP0657,29,Male,Data Analytics,1175000,2018-06-25,Data Analyst,8,6.6,8 years and 3 months
EMP0658,40,Female,Data Analytics,1325000,2012-07-18,Business Analyst,14,5.7,14 years and 2 months
EMP0659,33,Female,Sales,1480000,2015-01-05,Sales Manager,11,6.0,11 years and 8 months
EMP0660,34,Male,Marketing,825000,2021-10-28,Digital Marketing Executive,4,4.7,4 years and 11 months
EMP0661,34,Male,Data Analytics,1330000,2013-04-25,Data Analyst,13,8.3,13 years and 5 months
EMP0662,37,Male,Customer Support,1450000,2011-08-22,Support Manager,15,7.3,15 years and 1 months
EMP0663,31,Male,Marketing,1330000,2015-02-08,Marketing Manager,11,7.4,11 years and 7 months
EMP0664,22,Female,Data Science,1010000,2023-05-21,AI Engineer,3,7.0,3 years and 4 months
EMP0665,32,Female,Engineering,1465000,2016-03-25,Senior Software Engineer,10,7.2,10 years and 6 months
EMP0666,26,Female,Engineering,1050000,2021-10-11,Senior Software Engineer,4,9.3,4 years and 11 months
EMP0667,27,Female,Data Science,715000,2025-12-27,Data Scientist,0,6.1,0 years and 9 months
EMP0668,34,Male,Engineering,1345000,2018-09-15,Senior Software Engineer,8,7.5,8 years and 0 months
EMP0669,37,Female,Data Science,380000,2007-09-24,Data Science Intern,19,7.5,19 years and 0 months
EMP0670,30,Female,Data Analytics,1255000,2014-04-07,Data Analyst,12,8.6,12 years and 5 months
EMP0671,32,Female,Engineering,1405000,2018-06-02,Senior Software Engineer,8,7.7,8 years and 4 months
EMP0672,40,Female,Infromation Technology,1540000,2009-02-01,DevOps Engineer,17,7.8,17 years and 8 months
EMP0673,31,Male,Engineering,820000,2022-02-22,Software Engineer,4,5.4,4 years and 7 months
EMP0674,46,Female,Finance,2895000,1998-08-18,Finance Manager,28,6.0,28 years and 1 months
EMP0675,33,Male,HR,1580000,2013-07-25,HR Manager,13,5.5,13 years and 2 months
EMP0676,21,Male,Customer Support,460000,2023-08-15,Support Executive,3,3.8,3 years and 1 months
EMP0677,35,Male,Engineering,1395000,2018-09-14,Senior Software Engineer,8,7.6,8 years and 0 months
EMP0678,32,Female,HR,1185000,2019-01-14,HR Manager,7,6.7,7 years and 8 months
EMP0679,38,Female,Customer Support,1570000,2010-07-13,Support Manager,16,7.6,16 years and 2 months
EMP0680,34,Female,Infromation Technology,1300000,2012-05-02,IT Support Engineer,14,7.1,14 years and 5 months
EMP0681,29,Female,Operations,730000,2021-08-10,Operations Analyst,5,7.4,5 years and 1 months
EMP0682,23,Male,Data Science,680000,2026-06-16,Data Scientist,0,8.9,0 years and 3 months
EMP0683,29,Female,Engineering,1550000,2015-10-12,Senior Software Engineer,10,7.1,10 years and 11 months
EMP0684,25,Male,Sales,975000,2020-12-02,Sales Manager,5,8.0,5 years and 10 months
EMP0685,27,Male,Customer Support,520000,2026-05-19,Support Manager,0,6.7,0 years and 4 months
EMP0686,34,Male,Marketing,1860000,2010-07-28,Marketing Manager,16,8.2,16 years and 2 months
EMP0687,40,Female,Marketing,1865000,2004-09-25,Marketing Manager,22,5.4,22 years and 0 months
EMP0688,32,Female,Data Science,1375000,2016-05-13,AI Engineer,10,4.6,10 years and 4 months
EMP0689,23,Male,Operations,795000,2026-03-23,Operations Manager,0,9.9,0 years and 6 months
EMP0690,33,Male,Data Science,1495000,2014-07-27,ML Engineer,12,9.6,12 years and 2 months
EMP0691,37,Female,Data Analytics,1435000,2015-09-11,BI Analyst,11,4.5,11 years and 0 months
EMP0692,26,Male,HR,645000,2023-04-04,Recruiter,3,7.1,3 years and 5 months
EMP0693,29,Female,Finance,605000,2025-12-12,Finance Manager,0,7.3,0 years and 9 months
EMP0694,30,Female,Data Science,1470000,2015-09-25,AI Engineer,11,8.1,11 years and 0 months
EMP0695,25,Male,Engineering,650000,2026-01-03,Backend Developer,0,9.4,0 years and 9 months
EMP0696,34,Male,Marketing,1545000,2010-07-04,Marketing Manager,16,5.7,16 years and 2 months
EMP0697,29,Female,Data Analytics,915000,2021-09-15,Business Analyst,5,5.7,5 years and 0 months
EMP0698,33,Female,Marketing,1175000,2017-05-02,Marketing Manager,9,7.1,9 years and 5 months
EMP0699,25,Male,Engineering,550000,2025-11-07,Frontend Developer,0,5.8,0 years and 10 months
EMP0700,27,Female,Finance,850000,2023-05-06,Financial Analyst,3,3.4,3 years and 4 months
EMP0701,34,Male,Finance,1980000,2010-01-11,Finance Manager,16,6.8,16 years and 8 months
EMP0702,28,Male,Engineering,795000,2025-11-07,Frontend Developer,0,8.3,0 years and 10 months
EMP0703,40,Female,Data Analytics,1985000,2004-06-22,BI Analyst,22,7.1,22 years and 3 months
EMP0704,28,Female,Engineering,1035000,2020-08-28,Backend Developer,6,7.9,6 years and 1 months
EMP0705,31,Male,Engineering,790000,2023-06-05,Software Engineer,3,7.7,3 years and 3 months
EMP0706,36,Female,Customer Support,1100000,2017-09-19,Support Manager,9,5.7,9 years and 0 months
EMP0707,21,Male,Data Analytics,800000,2023-09-18,Data Analyst,3,7.2,3 years and 0 months
EMP0708,21,Male,Operations,605000,2026-01-08,Operations Analyst,0,5.0,0 years and 8 months
EMP0709,21,Male,Data Science,755000,2026-05-14,Data Scientist,0,6.4,0 years and 4 months
EMP0710,38,Female,Sales,1810000,2005-12-16,Sales Manager,20,7.2,20 years and 9 months
EMP0711,27,Male,Operations,765000,2020-10-03,Operations Analyst,5,7.1,6 years and 0 months
EMP0712,45,Male,Marketing,1960000,2008-06-08,Marketing Manager,18,5.4,18 years and 3 months
EMP0713,27,Male,Finance,985000,2021-02-06,Financial Analyst,5,5.6,5 years and 7 months
EMP0714,31,Female,HR,860000,2022-08-29,HR Manager,4,7.5,4 years and 1 months
EMP0715,39,Female,Data Analytics,1710000,2006-04-20,Data Analyst,20,8.2,20 years and 5 months
EMP0716,42,Female,Customer Support,2185000,2003-09-27,Support Manager,23,6.8,23 years and 0 months
EMP0717,42,Male,Infromation Technology,1865000,2005-06-06,System Administrator,21,6.8,21 years and 3 months
EMP0718,37,Female,Customer Support,1445000,2011-05-13,Support Manager,15,8.4,15 years and 4 months
EMP0719,36,Male,Engineering,1750000,2008-02-25,Senior Software Engineer,18,6.1,18 years and 7 months
EMP0720,34,Female,Sales,1480000,2015-01-20,Sales Manager,11,9.4,11 years and 8 months
EMP0721,35,Female,Customer Support,1150000,2019-01-08,Support Manager,7,5.3,7 years and 8 months
EMP0722,27,Male,Data Science,220000,2019-10-09,Data Science Intern,6,8.5,6 years and 11 months
EMP0723,25,Female,Engineering,1250000,2019-09-29,Senior Software Engineer,7,7.8,7 years and 0 months
EMP0724,30,Male,Operations,820000,2022-10-13,Operations Manager,3,10.0,3 years and 11 months
EMP0725,29,Male,Marketing,740000,2021-06-18,Marketing Analyst,5,5.6,5 years and 3 months
EMP0726,27,Male,Infromation Technology,895000,2020-07-09,DevOps Engineer,6,3.9,6 years and 2 months
EMP0727,34,Male,Engineering,1685000,2015-03-04,Senior Software Engineer,11,8.8,11 years and 6 months
EMP0728,36,Male,Operations,1320000,2017-06-04,Operations Manager,9,5.1,9 years and 3 months
EMP0729,31,Female,Data Science,1095000,2014-05-25,AI Engineer,12,7.9,12 years and 4 months
EMP0730,39,Male,Engineering,1865000,2004-11-02,Senior Software Engineer,21,8.7,21 years and 11 months
EMP0731,23,Female,Engineering,690000,2025-03-18,Frontend Developer,1,7.6,1 years and 6 months
EMP0732,29,Male,Operations,675000,2024-09-12,Operations Analyst,2,7.4,2 years and 0 months
EMP0733,26,Male,Sales,715000,2026-05-24,Sales Manager,0,7.6,0 years and 4 months
EMP0734,21,Female,Finance,755000,2026-09-19,Finance Manager,0,8.2,0 years and 0 months
EMP0735,30,Male,Data Analytics,1260000,2015-07-15,Business Analyst,11,7.9,11 years and 2 months
EMP0736,29,Male,Infromation Technology,1155000,2017-11-07,DevOps Engineer,8,5.5,8 years and 10 months
EMP0737,39,Female,HR,1765000,2009-10-16,HR Manager,16,9.6,16 years and 11 months
EMP0738,34,Male,Operations,1090000,2017-01-14,Operations Manager,9,7.2,9 years and 8 months
EMP0739,24,Male,HR,490000,2026-05-29,HR Executive,0,7.8,0 years and 4 months
EMP0740,41,Male,Data Analytics,2045000,2004-12-03,Business Analyst,21,8.1,21 years and 10 months
EMP0741,37,Female,Finance,1600000,2008-01-12,Finance Manager,18,8.7,18 years and 8 months
EMP0742,33,Female,Data Analytics,730000,2022-05-15,Business Analyst,4,8.5,4 years and 4 months
EMP0743,29,Female,Operations,1460000,2014-11-09,Operations Manager,11,7.3,11 years and 10 months
EMP0744,24,Female,Finance,740000,2023-09-30,Accountant,3,7.2,3 years and 0 months
EMP0745,28,Male,Data Science,1425000,2016-09-25,AI Engineer,10,7.7,10 years and 0 months
EMP0746,37,Male,Infromation Technology,1195000,2017-01-26,DevOps Engineer,9,8.6,9 years and 8 months
EMP0747,41,Female,HR,1625000,2013-05-18,HR Manager,13,5.6,13 years and 4 months
EMP0748,39,Male,Finance,1740000,2011-06-03,Finance Manager,15,8.0,15 years and 4 months
EMP0749,27,Male,Infromation Technology,975000,2019-11-28,DevOps Engineer,6,5.9,6 years and 10 months
EMP0750,23,Male,Marketing,725000,2021-02-16,Marketing Analyst,5,9.6,5 years and 7 months
EMP0751,31,Male,Engineering,1710000,2015-09-24,Senior Software Engineer,11,7.6,11 years and 0 months
EMP0752,21,Lesbian,Customer Support,535000,2026-03-03,Support Manager,0,6.5,0 years and 7 months
EMP0753,32,Male,Marketing,900000,2021-06-12,Marketing Analyst,5,7.7,5 years and 3 months
EMP0754,29,Male,Data Analytics,1000000,2015-09-26,Business Analyst,11,7.1,11 years and 0 months
EMP0755,27,Male,Engineering,895000,2025-12-13,Senior Software Engineer,0,6.9,0 years and 9 months
EMP0756,21,Female,Operations,645000,2022-10-05,Operations Analyst,3,4.7,3 years and 11 months
EMP0757,33,Male,Marketing,1315000,2017-01-23,Marketing Manager,9,5.7,9 years and 8 months
EMP0758,27,Male,Finance,1270000,2017-09-19,Finance Manager,9,6.9,9 years and 0 months
EMP0759,23,Female,Infromation Technology,750000,2023-02-04,DevOps Engineer,3,4.8,3 years and 7 months
EMP0760,21,Female,Operations,480000,2026-02-01,Operations Analyst,0,6.3,0 years and 8 months
EMP0761,30,Male,Engineering,1175000,2020-10-25,Senior Software Engineer,5,6.4,5 years and 11 months
EMP0762,41,Male,Data Analytics,1375000,2009-05-09,Business Analyst,17,6.0,17 years and 4 months
EMP0763,40,Male,Data Science,220000,2007-02-12,Data Science Intern,19,8.1,19 years and 7 months
EMP0764,27,Male,Operations,750000,2021-11-30,Operations Analyst,4,5.9,4 years and 10 months
EMP0765,26,Male,Engineering,720000,2025-04-17,Frontend Developer,1,7.2,1 years and 5 months
EMP0766,33,Male,Marketing,1395000,2017-09-13,Marketing Manager,9,6.6,9 years and 0 months
EMP0767,24,Male,Operations,520000,2025-02-27,Process Executive,1,6.9,1 years and 7 months
EMP0768,32,Male,Infromation Technology,530000,2025-10-23,DevOps Engineer,0,9.3,0 years and 11 months
EMP0769,35,Female,Data Analytics,1500000,2012-05-22,Data Analyst,14,7.3,14 years and 4 months
EMP0770,37,Female,Infromation Technology,1195000,2016-05-27,System Administrator,10,7.6,10 years and 4 months
EMP0771,29,Male,Engineering,740000,2024-12-11,Backend Developer,1,6.1,1 years and 9 months
EMP0772,29,Male,Infromation Technology,605000,2026-01-28,IT Support Engineer,0,7.9,0 years and 8 months
EMP0773,25,Male,Engineering,605000,2026-03-26,Software Engineer,0,7.9,0 years and 6 months
EMP0774,25,Female,HR,575000,2026-08-18,Recruiter,0,7.8,0 years and 1 months
EMP0775,29,Male,Operations,620000,2023-07-08,Process Executive,3,5.5,3 years and 2 months
EMP0776,32,Male,Engineering,1645000,2012-08-21,Senior Software Engineer,14,6.3,14 years and 1 months
EMP0777,35,Male,Data Science,1250000,2015-11-08,ML Engineer,10,9.0,10 years and 10 months
EMP0778,25,Female,Sales,870000,2023-05-10,Sales Manager,3,6.2,3 years and 4 months
EMP0779,39,Female,Sales,1480000,2008-08-15,Sales Manager,18,9.2,18 years and 1 months
EMP0780,28,Male,Sales,1175000,2020-02-03,Sales Manager,6,6.4,6 years and 8 months
EMP0781,30,Male,Sales,1085000,2018-12-13,Sales Manager,7,7.3,7 years and 9 months
EMP0782,26,Female,Finance,735000,2026-08-11,Accountant,0,6.8,0 years and 1 months
EMP0783,21,Male,Data Science,340000,2023-01-09,Data Science Intern,3,6.0,3 years and 8 months
EMP0784,35,Female,Data Analytics,1470000,2009-06-07,Business Analyst,17,6.0,17 years and 3 months
EMP0785,34,Female,Data Science,220000,2022-03-16,Data Science Intern,4,6.1,4 years and 6 months
EMP0786,28,Male,Infromation Technology,655000,2025-01-26,System Administrator,1,7.3,1 years and 8 months
EMP0787,30,Male,Marketing,1045000,2020-07-24,Marketing Manager,6,8.3,6 years and 2 months
EMP0788,33,Male,HR,945000,2019-10-27,HR Executive,6,7.2,6 years and 11 months
EMP0789,21,Male,Finance,675000,2026-08-05,Financial Analyst,0,7.1,0 years and 1 months
EMP0790,27,Female,Customer Support,625000,2025-08-23,Support Executive,1,8.7,1 years and 1 months
EMP0791,35,Female,Engineering,1905000,2008-12-20,Senior Software Engineer,17,7.2,17 years and 9 months
EMP0792,22,Male,Marketing,810000,2022-09-14,Marketing Analyst,4,6.4,4 years and 0 months
EMP0793,32,Male,Finance,1145000,2016-02-26,Finance Manager,10,5.8,10 years and 7 months
EMP0794,22,Female,Marketing,655000,2022-11-23,Marketing Analyst,3,8.8,3 years and 10 months
EMP0795,33,Female,Engineering,1650000,2012-02-03,Senior Software Engineer,14,6.7,14 years and 8 months
EMP0796,30,Female,Infromation Technology,860000,2020-10-15,IT Support Engineer,5,6.3,5 years and 11 months
EMP0797,21,Male,Customer Support,530000,2025-12-01,Customer Success Executive,0,6.2,0 years and 10 months
EMP0798,37,Male,Marketing,1580000,2011-12-11,Marketing Manager,14,8.7,14 years and 9 months
EMP0799,26,Female,Sales,880000,2019-12-24,Business Development Executive,6,6.3,6 years and 9 months
EMP0800,25,Female,Customer Support,750000,2023-07-20,Support Executive,3,8.4,3 years and 2 months
EMP0801,31,Male,Sales,695000,2024-06-13,Business Development Executive,2,6.8,2 years and 3 months
EMP0802,37,Male,Engineering,1480000,2015-04-07,Senior Software Engineer,11,5.5,11 years and 5 months
EMP0803,24,Male,Marketing,595000,2025-08-30,Digital Marketing Executive,1,6.7,1 years and 1 months
EMP0804,30,Male,Marketing,1085000,2019-02-11,Marketing Manager,7,7.1,7 years and 7 months
EMP0805,33,Male,HR,1900000,2010-12-27,HR Manager,15,6.9,15 years and 9 months
EMP0806,34,Female,Sales,935000,2021-09-07,Sales Manager,5,6.9,5 years and 0 months
EMP0807,31,Male,Customer Support,1150000,2015-11-07,Support Manager,10,6.7,10 years and 10 months
EMP0808,28,Female,Customer Support,1350000,2015-12-29,Support Manager,10,6.0,10 years and 9 months
EMP0809,25,Male,HR,1075000,2019-02-19,HR Manager,7,7.1,7 years and 7 months
EMP0810,31,Female,Engineering,1120000,2020-08-06,Senior Software Engineer,6,7.8,6 years and 1 months
EMP0811,24,Female,Customer Support,600000,2023-04-05,Support Executive,3,5.1,3 years and 5 months
EMP0812,21,Male,Infromation Technology,705000,2026-02-11,System Administrator,0,8.9,0 years and 7 months
EMP0813,33,Male,Engineering,1515000,2014-10-26,Senior Software Engineer,11,2.1,11 years and 11 months
EMP0814,35,Male,Customer Support,1420000,2013-12-21,Support Manager,12,7.2,12 years and 9 months
EMP0815,21,Male,Infromation Technology,650000,2026-07-29,IT Support Engineer,0,7.7,0 years and 2 months
EMP0816,24,Female,Finance,865000,2026-02-11,Finance Manager,0,6.3,0 years and 7 months
EMP0817,34,Female,Marketing,1380000,2011-12-20,Marketing Manager,14,4.2,14 years and 9 months
EMP0818,42,Male,HR,1595000,2006-03-07,HR Manager,20,7.0,20 years and 6 months
EMP0819,30,Male,Engineering,965000,2020-01-18,Backend Developer,6,7.3,6 years and 8 months
EMP0820,26,Male,Data Analytics,940000,2018-09-15,Business Analyst,8,5.5,8 years and 0 months
EMP0821,29,Female,Operations,585000,2023-04-10,Process Executive,3,6.0,3 years and 5 months
EMP0822,38,Male,Engineering,1415000,2013-02-17,Senior Software Engineer,13,8.4,13 years and 7 months
EMP0823,26,Male,Data Analytics,1110000,2018-02-19,Business Analyst,8,7.3,8 years and 7 months
EMP0824,25,Male,HR,585000,2026-07-09,Recruiter,0,5.1,0 years and 2 months
EMP0825,27,Female,Finance,820000,2023-12-15,Accountant,2,7.7,2 years and 9 months
EMP0826,24,Male,Infromation Technology,520000,2026-01-28,DevOps Engineer,0,5.8,0 years and 8 months
EMP0827,31,Female,Data Analytics,1165000,2015-06-16,Data Analyst,11,6.1,11 years and 3 months
EMP0828,40,Male,Data Analytics,1610000,2008-01-25,Business Analyst,18,7.4,18 years and 8 months
EMP0829,32,Male,Sales,910000,2022-07-06,Sales Manager,4,7.2,4 years and 2 months
EMP0830,28,Female,HR,695000,2023-07-22,Recruiter,3,6.6,3 years and 2 months
EMP0831,28,Female,Data Science,900000,2023-09-02,ML Engineer,3,6.4,3 years and 1 months
EMP0832,21,Male,HR,655000,2026-04-12,HR Manager,0,6.8,0 years and 5 months
EMP0833,35,Male,Engineering,1530000,2011-11-30,Senior Software Engineer,14,6.0,14 years and 10 months
EMP0834,30,Male,Engineering,1320000,2016-10-25,Senior Software Engineer,9,8.6,9 years and 11 months
EMP0835,29,Male,Finance,560000,2026-04-07,Accountant,0,5.0,0 years and 5 months
EMP0836,49,Male,HR,2630000,1996-05-22,HR Manager,30,6.8,30 years and 4 months
EMP0837,32,Male,Infromation Technology,975000,2016-03-23,System Administrator,10,5.1,10 years and 6 months
EMP0838,25,Male,Data Analytics,910000,2019-03-31,Data Analyst,7,8.4,7 years and 6 months
EMP0839,27,Female,Marketing,1225000,2020-02-27,Marketing Manager,6,6.8,6 years and 7 months
EMP0840,37,Male,Sales,1875000,2008-04-24,Sales Manager,18,5.7,18 years and 5 months
EMP0841,31,Female,Engineering,1515000,2016-04-25,Senior Software Engineer,10,8.0,10 years and 5 months
EMP0842,21,Male,Sales,600000,2023-09-19,Sales Executive,3,4.0,3 years and 0 months
EMP0843,36,Female,Engineering,1785000,2010-12-13,Senior Software Engineer,15,7.5,15 years and 9 months
EMP0844,26,Female,Customer Support,745000,2023-07-05,Support Manager,3,8.7,3 years and 2 months
EMP0845,41,Female,Engineering,2140000,2002-11-17,Senior Software Engineer,23,7.3,23 years and 10 months
EMP0846,36,Female,HR,1550000,2009-08-24,HR Manager,17,6.4,17 years and 1 months
EMP0847,27,Female,Engineering,940000,2020-03-06,Frontend Developer,6,5.4,6 years and 6 months
EMP0848,38,Male,Customer Support,1320000,2016-02-17,Support Manager,10,8.6,10 years and 7 months
EMP0849,30,Male,Finance,795000,2023-10-17,Financial Analyst,2,8.4,2 years and 11 months
EMP0850,35,Male,Marketing,1580000,2013-01-02,Marketing Manager,13,6.2,13 years and 9 months
EMP0851,33,Female,Engineering,1540000,2014-12-29,Senior Software Engineer,11,6.3,11 years and 9 months
EMP0852,25,Female,Operations,500000,2026-01-23,Process Executive,0,8.7,0 years and 8 months
EMP0853,26,Male,Data Science,1035000,2021-11-26,Data Scientist,4,7.8,4 years and 10 months
EMP0854,36,Male,Infromation Technology,1885000,2008-03-11,System Administrator,18,4.7,18 years and 6 months
EMP0855,28,Male,Data Science,1165000,2017-11-16,AI Engineer,8,6.8,8 years and 10 months
EMP0856,28,Female,Data Science,785000,2026-05-14,ML Engineer,0,6.8,0 years and 4 months
EMP0857,24,Male,Engineering,895000,2024-12-25,Senior Software Engineer,1,7.4,1 years and 9 months
EMP0858,33,Male,Finance,1145000,2019-08-30,Finance Manager,7,7.1,7 years and 1 months
EMP0859,42,Male,Marketing,1595000,2008-11-30,Marketing Manager,17,6.4,17 years and 10 months
EMP0860,24,Male,Engineering,765000,2026-09-13,Software Engineer,0,7.3,0 years and 0 months
EMP0861,30,Female,Operations,850000,2021-08-06,Process Executive,5,6.5,5 years and 1 months
EMP0862,38,Female,HR,1225000,2016-06-13,HR Manager,10,10.0,10 years and 3 months
EMP0863,30,Female,Finance,1020000,2020-09-27,Accountant,6,7.3,6 years and 0 months
EMP0864,33,Male,HR,1110000,2018-04-04,HR Manager,8,7.1,8 years and 5 months
EMP0865,24,Female,HR,425000,2026-09-18,Recruiter,0,9.6,0 years and 0 months
EMP0866,33,Male,Marketing,1500000,2010-10-31,Marketing Manager,15,5.3,15 years and 11 months
EMP0867,29,Female,Engineering,1485000,2015-12-23,Senior Software Engineer,10,7.0,10 years and 9 months
EMP0868,36,Male,Data Science,1410000,2015-01-18,ML Engineer,11,5.8,11 years and 8 months
EMP0869,37,Male,Infromation Technology,1520000,2012-07-06,DevOps Engineer,14,8.0,14 years and 2 months
EMP0870,46,Female,Customer Support,1460000,2008-06-23,Support Manager,18,6.4,18 years and 3 months
EMP0871,33,Female,Data Analytics,1580000,2011-04-02,Data Analyst,15,7.9,15 years and 6 months
EMP0872,32,Male,Data Science,1310000,2012-01-28,AI Engineer,14,7.8,14 years and 8 months
EMP0873,31,Female,Sales,1290000,2017-01-21,Sales Manager,9,8.2,9 years and 8 months
EMP0874,28,Male,HR,1380000,2017-07-19,HR Manager,9,7.8,9 years and 2 months
EMP0875,32,Male,Engineering,1365000,2016-06-17,Senior Software Engineer,10,6.8,10 years and 3 months
EMP0876,28,Male,Engineering,935000,2026-04-28,Senior Software Engineer,0,5.2,0 years and 5 months
EMP0877,31,Male,Sales,935000,2020-07-12,Sales Executive,6,8.5,6 years and 2 months
EMP0878,38,Male,Sales,1340000,2010-07-20,Sales Manager,16,9.0,16 years and 2 months
EMP0879,24,Male,Engineering,605000,2026-01-16,Backend Developer,0,5.8,0 years and 8 months
EMP0880,37,Male,Data Science,355000,2013-05-30,Data Science Intern,13,8.1,13 years and 4 months
EMP0881,38,Female,Data Science,1940000,2010-12-27,ML Engineer,15,5.5,15 years and 9 months
EMP0882,29,Male,Sales,835000,2020-07-06,Sales Executive,6,7.4,6 years and 2 months
EMP0883,21,Female,Engineering,670000,2026-03-11,Backend Developer,0,7.7,0 years and 6 months
EMP0884,26,Male,Engineering,585000,2026-09-15,Frontend Developer,0,6.5,0 years and 0 months
EMP0885,38,Female,Operations,1575000,2014-05-06,Operations Manager,12,7.2,12 years and 4 months
EMP0886,30,Male,Engineering,955000,2024-01-21,Senior Software Engineer,2,8.2,2 years and 8 months
EMP0887,24,Male,Sales,785000,2021-03-28,Business Development Executive,5,7.0,5 years and 6 months
EMP0888,27,Male,Data Science,760000,2025-11-06,AI Engineer,0,6.2,0 years and 10 months
EMP0889,35,Male,Engineering,1870000,2009-09-03,Senior Software Engineer,17,5.4,17 years and 1 months
EMP0890,33,Male,Data Science,1620000,2011-01-07,Data Scientist,15,6.6,15 years and 8 months
EMP0891,29,Female,Sales,685000,2021-09-27,Sales Executive,5,5.5,5 years and 0 months
EMP0892,28,Female,Infromation Technology,550000,2025-11-05,IT Support Engineer,0,6.6,0 years and 10 months
EMP0893,28,Female,Infromation Technology,855000,2021-11-28,System Administrator,4,6.5,4 years and 10 months
EMP0894,24,Female,HR,650000,2024-11-02,HR Manager,1,8.2,1 years and 11 months
EMP0895,40,Male,Sales,1330000,2013-04-18,Sales Manager,13,7.2,13 years and 5 months
EMP0896,28,Male,Data Science,885000,2023-04-04,AI Engineer,3,10.0,3 years and 5 months
EMP0897,37,Male,Data Analytics,1920000,2007-04-11,BI Analyst,19,4.4,19 years and 5 months
EMP0898,39,Male,Infromation Technology,1480000,2007-05-16,IT Support Engineer,19,7.5,19 years and 4 months
EMP0899,36,Male,Engineering,1405000,2016-10-06,Senior Software Engineer,9,6.5,9 years and 11 months
EMP0900,27,Male,Engineering,705000,2026-01-26,Backend Developer,0,5.8,0 years and 8 months
EMP0901,32,Male,Data Science,255000,2018-05-29,Data Science Intern,8,7.1,8 years and 4 months
EMP0902,30,Male,Engineering,1100000,2020-01-13,Frontend Developer,6,7.0,6 years and 8 months
EMP0903,25,Female,Data Science,1185000,2022-08-23,Data Scientist,4,8.6,4 years and 1 months
EMP0904,32,Female,Marketing,1170000,2018-10-13,Marketing Manager,7,7.2,7 years and 11 months
EMP0905,23,Male,HR,510000,2024-01-20,Recruiter,2,6.2,2 years and 8 months
EMP0906,37,Female,Infromation Technology,1795000,2007-05-16,System Administrator,19,7.6,19 years and 4 months
EMP0907,27,Female,Operations,1090000,2019-02-05,Operations Manager,7,6.8,7 years and 7 months
EMP0908,31,Male,Data Analytics,1275000,2018-02-17,Business Analyst,8,5.6,8 years and 7 months
EMP0909,32,Male,Data Science,1330000,2017-10-27,ML Engineer,8,6.8,8 years and 11 months
EMP0910,28,Male,Data Analytics,960000,2022-03-18,BI Analyst,4,7.4,4 years and 6 months
EMP0911,34,Female,Marketing,1680000,2010-08-01,Marketing Manager,16,7.2,16 years and 2 months
EMP0912,27,Female,Data Science,875000,2025-09-20,AI Engineer,1,7.5,1 years and 0 months
EMP0913,35,Male,Marketing,1275000,2014-06-18,Marketing Manager,12,6.4,12 years and 3 months
EMP0914,22,Male,HR,345000,2026-09-05,HR Executive,0,7.5,0 years and 0 months
EMP0915,31,Male,Marketing,1025000,2020-05-04,Marketing Analyst,6,7.3,6 years and 4 months
EMP0916,42,Male,HR,1475000,2012-02-26,HR Manager,14,7.3,14 years and 7 months
EMP0917,24,Male,Data Analytics,695000,2023-10-26,BI Analyst,2,7.1,2 years and 11 months
EMP0918,26,Female,Customer Support,800000,2023-02-07,Support Manager,3,10.0,3 years and 7 months
EMP0919,33,Female,Operations,1455000,2014-02-09,Operations Manager,12,8.6,12 years and 7 months
EMP0920,31,Female,Engineering,1370000,2020-02-26,Senior Software Engineer,6,7.5,6 years and 7 months
EMP0921,32,Female,Infromation Technology,1520000,2012-05-06,IT Support Engineer,14,6.0,14 years and 4 months
EMP0922,33,Female,Finance,960000,2020-06-01,Accountant,6,6.7,6 years and 4 months
EMP0923,34,Male,Infromation Technology,1395000,2010-05-14,DevOps Engineer,16,9.3,16 years and 4 months
EMP0924,37,Male,Operations,1255000,2019-03-28,Operations Manager,7,6.3,7 years and 6 months
EMP0925,32,Male,HR,1200000,2015-01-22,HR Manager,11,6.9,11 years and 8 months
EMP0926,29,Female,Engineering,1350000,2018-07-27,Senior Software Engineer,8,6.8,8 years and 2 months
EMP0927,34,Male,Data Science,305000,2018-06-21,Data Science Intern,8,7.6,8 years and 3 months
EMP0928,41,Female,Finance,2350000,2005-11-04,Finance Manager,20,6.5,20 years and 10 months
EMP0929,29,Male,Sales,1425000,2015-04-28,Sales Manager,11,7.3,11 years and 5 months
EMP0930,24,Male,Data Science,805000,2025-11-26,AI Engineer,0,6.5,0 years and 10 months
EMP0931,37,Male,Engineering,1765000,2009-10-08,Senior Software Engineer,16,8.9,16 years and 11 months
EMP0932,29,Male,Infromation Technology,580000,2025-12-05,DevOps Engineer,0,6.2,0 years and 9 months
EMP0933,21,Female,Customer Support,445000,2026-07-03,Customer Success Executive,0,8.4,0 years and 3 months
EMP0934,35,Female,Finance,1945000,2008-10-13,Finance Manager,17,6.3,17 years and 11 months
EMP0935,27,Male,Engineering,765000,2024-01-19,Backend Developer,2,5.9,2 years and 8 months
EMP0936,29,Male,Data Science,940000,2024-10-13,Data Scientist,1,6.2,1 years and 11 months
EMP0937,32,Male,Engineering,1320000,2018-02-25,Senior Software Engineer,8,4.8,8 years and 7 months
EMP0938,31,Male,Infromation Technology,1235000,2013-09-25,DevOps Engineer,13,7.7,13 years and 0 months
EMP0939,34,Male,Engineering,885000,2022-09-20,Backend Developer,4,5.5,4 years and 0 months
EMP0940,27,Female,Marketing,730000,2025-11-10,Marketing Manager,0,6.6,0 years and 10 months
EMP0941,33,Male,Data Science,1470000,2011-02-03,AI Engineer,15,8.1,15 years and 8 months
EMP0942,28,Male,Marketing,1195000,2016-04-04,Marketing Manager,10,8.1,10 years and 5 months
EMP0943,34,Male,Sales,1445000,2014-12-24,Sales Manager,11,5.2,11 years and 9 months
EMP0944,34,Male,Infromation Technology,915000,2019-11-25,DevOps Engineer,6,7.5,6 years and 10 months
EMP0945,24,Male,Data Science,1245000,2020-06-25,Data Scientist,6,8.6,6 years and 3 months
EMP0946,37,Male,Engineering,2105000,2007-03-23,Senior Software Engineer,19,6.2,19 years and 6 months
EMP0947,27,Male,Engineering,1155000,2019-02-19,Senior Software Engineer,7,7.8,7 years and 7 months
EMP0948,35,Male,Infromation Technology,1180000,2016-11-04,System Administrator,9,5.6,9 years and 10 months
EMP0949,32,Male,Infromation Technology,1210000,2017-06-22,DevOps Engineer,9,7.6,9 years and 3 months
EMP0950,41,Male,Marketing,1530000,2009-06-21,Marketing Manager,17,7.3,17 years and 3 months
EMP0951,29,Male,Marketing,1135000,2018-10-03,Marketing Manager,7,8.0,8 years and 0 months
EMP0952,28,Female,Sales,1115000,2016-08-06,Sales Manager,10,7.9,10 years and 1 months
EMP0953,30,Male,Engineering,1325000,2015-07-18,Senior Software Engineer,11,5.3,11 years and 2 months
EMP0954,28,Male,Infromation Technology,675000,2025-07-18,IT Support Engineer,1,7.3,1 years and 2 months
EMP0955,35,Male,HR,1655000,2009-08-24,HR Manager,17,9.1,17 years and 1 months
EMP0956,21,Male,HR,580000,2025-11-11,Recruiter,0,4.1,0 years and 10 months
EMP0957,24,Male,Finance,1135000,2022-04-04,Finance Manager,4,8.4,4 years and 5 months
EMP0958,24,Female,Engineering,1005000,2020-08-30,Backend Developer,6,9.3,6 years and 1 months
EMP0959,36,Female,Engineering,1320000,2017-07-24,Senior Software Engineer,9,5.1,9 years and 2 months
EMP0960,40,Male,Sales,1710000,2009-08-10,Sales Manager,17,6.2,17 years and 1 months
EMP0961,29,Male,Engineering,1040000,2022-06-19,Senior Software Engineer,4,7.8,4 years and 3 months
EMP0962,29,Male,Marketing,530000,2026-03-15,Digital Marketing Executive,0,5.9,0 years and 6 months
EMP0963,30,Female,Data Science,1375000,2018-06-24,ML Engineer,8,8.9,8 years and 3 months
EMP0964,37,Female,HR,2080000,2007-01-23,HR Manager,19,8.5,19 years and 8 months
EMP0965,24,Male,Data Analytics,540000,2025-11-28,Data Analyst,0,5.2,0 years and 10 months
EMP0966,31,Male,Data Analytics,1140000,2018-07-21,Business Analyst,8,6.1,8 years and 2 months
EMP0967,36,Male,Sales,1795000,2010-04-17,Sales Manager,16,8.1,16 years and 5 months
EMP0968,33,Male,Data Analytics,1235000,2016-05-13,Data Analyst,10,8.1,10 years and 4 months
EMP0969,31,Male,Marketing,1190000,2018-04-20,Marketing Manager,8,10.0,8 years and 5 months
EMP0970,36,Male,Finance,1365000,2018-01-15,Finance Manager,8,5.9,8 years and 8 months
EMP0971,21,Female,Sales,415000,2026-02-22,Sales Executive,0,9.1,0 years and 7 months
EMP0972,34,Male,Customer Support,1305000,2018-07-12,Support Manager,8,5.9,8 years and 2 months
EMP0973,26,Male,Sales,715000,2026-04-02,Sales Manager,0,7.8,0 years and 6 months
EMP0974,21,Female,Data Science,1025000,2022-11-29,ML Engineer,3,8.3,3 years and 10 months
EMP0975,33,Male,Engineering,1680000,2012-09-24,Senior Software Engineer,14,3.1,14 years and 0 months
EMP0976,38,Male,Data Science,335000,2011-10-01,Data Science Intern,15,8.3,15 years and 0 months
EMP0977,29,Male,Marketing,1145000,2018-10-17,Marketing Manager,7,9.0,7 years and 11 months
EMP0978,36,Male,Engineering,1780000,2008-11-03,Senior Software Engineer,17,8.6,17 years and 11 months
EMP0979,40,Female,Finance,1700000,2007-12-18,Finance Manager,18,9.9,18 years and 9 months
EMP0980,38,Male,Marketing,1995000,2006-12-29,Marketing Manager,19,8.4,19 years and 9 months
EMP0981,40,Male,Data Analytics,1700000,2010-03-04,Business Analyst,16,6.4,16 years and 6 months
EMP0982,34,Male,Operations,1455000,2010-06-29,Operations Manager,16,8.8,16 years and 3 months
EMP0983,30,Female,Engineering,1230000,2018-06-24,Senior Software Engineer,8,6.3,8 years and 3 months
EMP0984,21,Female,Engineering,590000,2026-09-22,Software Engineer,0,7.2,0 years and 0 months
EMP0985,29,Male,Sales,485000,2025-08-01,Business Development Executive,1,8.2,1 years and 2 months
EMP0986,25,Male,Finance,790000,2022-11-27,Accountant,3,7.7,3 years and 10 months
EMP0987,43,Female,Sales,1550000,2009-05-12,Sales Manager,17,8.9,17 years and 4 months
EMP0988,29,Male,HR,770000,2023-07-31,HR Manager,3,10.0,3 years and 2 months
EMP0989,31,Female,Data Science,275000,2021-06-03,Data Science Intern,5,5.6,5 years and 4 months
EMP0990,33,Female,Operations,1145000,2020-02-19,Operations Manager,6,6.7,6 years and 7 months
EMP0991,30,Female,Operations,1420000,2014-06-21,Operations Manager,12,7.5,12 years and 3 months
EMP0992,40,Male,Sales,2185000,2004-01-20,Sales Manager,22,6.5,22 years and 8 months
EMP0993,26,Male,Data Science,1215000,2017-10-19,Data Scientist,8,7.0,8 years and 11 months
EMP0994,31,Female,Marketing,655000,2023-01-20,Marketing Analyst,3,8.1,3 years and 8 months
EMP0995,26,Male,Data Analytics,895000,2023-03-09,BI Analyst,3,8.0,3 years and 6 months
EMP0996,22,Male,Engineering,765000,2026-09-03,Senior Software Engineer,0,7.4,0 years and 1 months
EMP0997,26,Female,Infromation Technology,640000,2026-04-14,System Administrator,0,7.3,0 years and 5 months
EMP0998,30,Female,Engineering,770000,2022-10-31,Backend Developer,3,6.8,3 years and 11 months
EMP0999,27,Male,Customer Support,1140000,2017-07-19,Support Manager,9,9.0,9 years and 2 months
EMP1000,26,Male,HR,875000,2025-06-07,HR Manager,1,9.3,1 years and 3 months
